"arc_length","retention_mu","retention_c"
0,3.14797e+24,3.14797e+24
8.5e-06,1.66142e+23,1.66149e+23
1.7e-05,1.66464e+23,1.66478e+23
2.55e-05,1.66789e+23,1.66811e+23
3.4e-05,1.67118e+23,1.67146e+23
4.25e-05,1.67449e+23,1.67485e+23
5.1e-05,1.67784e+23,1.67827e+23
5.95e-05,1.68122e+23,1.68172e+23
6.8e-05,1.68463e+23,1.6852e+23
7.65e-05,1.68807e+23,1.68871e+23
8.5e-05,1.69154e+23,1.69226e+23
9.35e-05,1.69505e+23,1.69584e+23
0.000102,1.69858e+23,1.69946e+23
0.0001105,1.70215e+23,1.7031e+23
0.000119,1.70576e+23,1.70679e+23
0.0001275,1.7094e+23,1.7105e+23
0.000136,1.71307e+23,1.71426e+23
0.0001445,1.71678e+23,1.71804e+23
0.000153,1.72052e+23,1.72187e+23
0.0001615,1.7243e+23,1.72573e+23
0.00017,1.72812e+23,1.72962e+23
0.0001785,1.73197e+23,1.73355e+23
0.000187,1.73586e+23,1.73752e+23
0.0001955,1.73978e+23,1.74153e+23
0.000204,1.74374e+23,1.74558e+23
0.0002125,1.74774e+23,1.74966e+23
0.000221,1.75178e+23,1.75379e+23
0.0002295,1.75586e+23,1.75795e+23
0.000238,1.75998e+23,1.76215e+23
0.0002465,1.76413e+23,1.7664e+23
0.000255,1.76833e+23,1.77068e+23
0.0002635,1.77256e+23,1.775e+23
0.000272,1.77684e+23,1.77937e+23
0.0002805,1.78116e+23,1.78378e+23
0.000289,1.78552e+23,1.78823e+23
0.0002975,1.78992e+23,1.79273e+23
0.000306,1.79437e+23,1.79727e+23
0.0003145,1.79886e+23,1.80185e+23
0.000323,1.80339e+23,1.80648e+23
0.0003315,1.80797e+23,1.81115e+23
0.00034,1.81259e+23,1.81587e+23
0.0003485,1.81726e+23,1.82063e+23
0.000357,1.82197e+23,1.82544e+23
0.0003655,1.82673e+23,1.8303e+23
0.000374,1.83153e+23,1.83521e+23
0.0003825,1.83638e+23,1.84016e+23
0.000391,1.84129e+23,1.84516e+23
0.0003995,1.84623e+23,1.85021e+23
0.000408,1.85123e+23,1.85532e+23
0.0004165,1.85628e+23,1.86047e+23
0.000425,1.86138e+23,1.86567e+23
0.0004335,1.86653e+23,1.87093e+23
0.000442,1.87172e+23,1.87623e+23
0.0004505,1.87698e+23,1.88159e+23
0.000459,1.88228e+23,1.88701e+23
0.0004675,1.88764e+23,1.89247e+23
0.000476,1.89305e+23,1.898e+23
0.0004845,1.89851e+23,1.90357e+23
0.000493,1.90403e+23,1.90921e+23
0.0005015,1.9096e+23,1.9149e+23
0.00051,1.91523e+23,1.92064e+23
0.0005185,1.92092e+23,1.92645e+23
0.000527,1.92667e+23,1.93231e+23
0.0005355,1.93247e+23,1.93824e+23
0.000544,1.93833e+23,1.94422e+23
0.0005525,1.94425e+23,1.95026e+23
0.000561,1.95023e+23,1.95637e+23
0.0005695,1.95627e+23,1.96253e+23
0.000578,1.96238e+23,1.96876e+23
0.0005865,1.96854e+23,1.97506e+23
0.000595,1.97477e+23,1.98141e+23
0.0006035,1.98106e+23,1.98784e+23
0.000612,1.98742e+23,1.99432e+23
0.0006205,1.99384e+23,2.00088e+23
0.000629,2.00033e+23,2.0075e+23
0.0006375,2.00688e+23,2.01419e+23
0.000646,2.0135e+23,2.02095e+23
0.0006545,2.02019e+23,2.02778e+23
0.000663,2.02695e+23,2.03468e+23
0.0006715,2.03378e+23,2.04165e+23
0.00068,2.04068e+23,2.0487e+23
0.0006885,2.04765e+23,2.05581e+23
0.000697,2.0547e+23,2.063e+23
0.0007055,2.06181e+23,2.07027e+23
0.000714,2.069e+23,2.07761e+23
0.0007225,2.07627e+23,2.08503e+23
0.000731,2.08361e+23,2.09252e+23
0.0007395,2.09103e+23,2.1001e+23
0.000748,2.09853e+23,2.10775e+23
0.0007565,2.1061e+23,2.11549e+23
0.000765,2.11376e+23,2.1233e+23
0.0007735,2.1215e+23,2.1312e+23
0.000782,2.12931e+23,2.13918e+23
0.0007905,2.13721e+23,2.14725e+23
0.000799,2.1452e+23,2.1554e+23
0.0008075,2.15327e+23,2.16364e+23
0.000816,2.16142e+23,2.17197e+23
0.0008245,2.16966e+23,2.18038e+23
0.000833,2.17799e+23,2.18888e+23
0.0008415,2.18641e+23,2.19748e+23
0.00085,2.19491e+23,2.20617e+23
0.0008585,2.20351e+23,2.21495e+23
0.000867,2.2122e+23,2.22382e+23
0.0008755,2.22098e+23,2.23279e+23
0.000884,2.22986e+23,2.24186e+23
0.0008925,2.23883e+23,2.25102e+23
0.000901,2.2479e+23,2.26028e+23
0.0009095,2.25707e+23,2.26965e+23
0.000918,2.26634e+23,2.27911e+23
0.0009265,2.2757e+23,2.28868e+23
0.000935,2.28517e+23,2.29835e+23
0.0009435,2.29474e+23,2.30813e+23
0.000952,2.30442e+23,2.31801e+23
0.0009605,2.3142e+23,2.328e+23
0.000969,2.32408e+23,2.3381e+23
0.0009775,2.33408e+23,2.34831e+23
0.000986,2.34418e+23,2.35864e+23
0.0009945,2.3544e+23,2.36907e+23
0.001003,2.36472e+23,2.37962e+23
0.0010115,2.37516e+23,2.39029e+23
0.00102,2.38572e+23,2.40108e+23
0.0010285,2.39639e+23,2.41198e+23
0.001037,2.40718e+23,2.42301e+23
0.0010455,2.41809e+23,2.43415e+23
0.001054,2.42912e+23,2.44543e+23
0.0010625,2.44027e+23,2.45682e+23
0.001071,2.45154e+23,2.46835e+23
0.0010795,2.46295e+23,2.48e+23
0.001088,2.47447e+23,2.49178e+23
0.0010965,2.48613e+23,2.5037e+23
0.001105,2.49792e+23,2.51574e+23
0.0011135,2.50983e+23,2.52793e+23
0.001122,2.52189e+23,2.54025e+23
0.0011305,2.53407e+23,2.55271e+23
0.001139,2.5464e+23,2.56531e+23
0.0011475,2.55886e+23,2.57805e+23
0.001156,2.57146e+23,2.59094e+23
0.0011645,2.58421e+23,2.60397e+23
0.001173,2.5971e+23,2.61715e+23
0.0011815,2.61013e+23,2.63048e+23
0.00119,2.62332e+23,2.64396e+23
0.0011985,2.63665e+23,2.6576e+23
0.001207,2.65013e+23,2.67139e+23
0.0012155,2.66377e+23,2.68534e+23
0.001224,2.67757e+23,2.69945e+23
0.0012325,2.69152e+23,2.71372e+23
0.001241,2.70563e+23,2.72816e+23
0.0012495,2.7199e+23,2.74276e+23
0.001258,2.73434e+23,2.75753e+23
0.0012665,2.74894e+23,2.77247e+23
0.001275,2.76371e+23,2.78759e+23
0.0012835,2.77866e+23,2.80288e+23
0.001292,2.79377e+23,2.81835e+23
0.0013005,2.80906e+23,2.83399e+23
0.001309,2.82453e+23,2.84982e+23
0.0013175,2.84017e+23,2.86584e+23
0.001326,2.856e+23,2.88204e+23
0.0013345,2.87201e+23,2.89843e+23
0.001343,2.88821e+23,2.91501e+23
0.0013515,2.9046e+23,2.93179e+23
0.00136,2.92118e+23,2.94877e+23
0.0013685,2.93795e+23,2.96594e+23
0.001377,2.95492e+23,2.98332e+23
0.0013855,2.97209e+23,3.0009e+23
0.001394,2.98946e+23,3.01869e+23
0.0014025,3.00704e+23,3.0367e+23
0.001411,3.02482e+23,3.05491e+23
0.0014195,3.04282e+23,3.07335e+23
0.001428,3.06103e+23,3.092e+23
0.0014365,3.07945e+23,3.11087e+23
0.001445,3.09809e+23,3.12997e+23
0.0014535,3.11696e+23,3.1493e+23
0.001462,3.13605e+23,3.16886e+23
0.0014705,3.15536e+23,3.18866e+23
0.001479,3.17491e+23,3.20869e+23
0.0014875,3.19469e+23,3.22896e+23
0.001496,3.21471e+23,3.24948e+23
0.0015045,3.23497e+23,3.27025e+23
0.001513,3.25547e+23,3.29127e+23
0.0015215,3.27622e+23,3.31254e+23
0.00153,3.29722e+23,3.33408e+23
0.0015385,3.31847e+23,3.35587e+23
0.001547,3.33998e+23,3.37793e+23
0.0015555,3.36175e+23,3.40026e+23
0.001564,3.38379e+23,3.42286e+23
0.0015725,3.40609e+23,3.44574e+23
0.001581,3.42867e+23,3.46889e+23
0.0015895,3.45152e+23,3.49234e+23
0.001598,3.47465e+23,3.51607e+23
0.0016065,3.49806e+23,3.54009e+23
0.001615,3.52176e+23,3.56441e+23
0.0016235,3.54575e+23,3.58903e+23
0.001632,3.57003e+23,3.61396e+23
0.0016405,3.59461e+23,3.63919e+23
0.001649,3.6195e+23,3.66474e+23
0.0016575,3.64469e+23,3.6906e+23
0.001666,3.6702e+23,3.71679e+23
0.0016745,3.69602e+23,3.7433e+23
0.001683,3.72216e+23,3.77015e+23
0.0016915,3.74862e+23,3.79733e+23
0.0017,3.77542e+23,3.82485e+23
0.0017085,3.80255e+23,3.85272e+23
0.001717,3.83001e+23,3.88094e+23
0.0017255,3.85782e+23,3.90951e+23
0.001734,3.88598e+23,3.93844e+23
0.0017425,3.91449e+23,3.96774e+23
0.001751,3.94336e+23,3.99741e+23
0.0017595,3.97259e+23,4.02746e+23
0.001768,4.00219e+23,4.05789e+23
0.0017765,4.03217e+23,4.0887e+23
0.001785,4.06252e+23,4.11991e+23
0.0017935,4.09325e+23,4.15151e+23
0.001802,4.12438e+23,4.18352e+23
0.0018105,4.1559e+23,4.21594e+23
0.001819,4.18782e+23,4.24878e+23
0.0018275,4.22015e+23,4.28203e+23
0.001836,4.25289e+23,4.31572e+23
0.0018445,4.28604e+23,4.34983e+23
0.001853,4.31963e+23,4.38439e+23
0.0018615,4.35364e+23,4.41939e+23
0.00187,4.38808e+23,4.45485e+23
0.0018785,4.42297e+23,4.49077e+23
0.001887,4.45831e+23,4.52715e+23
0.0018955,4.49411e+23,4.56401e+23
0.001904,4.53036e+23,4.60134e+23
0.0019125,4.56709e+23,4.63917e+23
0.001921,4.60429e+23,4.67748e+23
0.0019295,4.64197e+23,4.7163e+23
0.001938,4.68014e+23,4.75563e+23
0.0019465,4.71881e+23,4.79547e+23
0.001955,4.75798e+23,4.83584e+23
0.0019635,4.79766e+23,4.87674e+23
0.001972,4.83786e+23,4.91817e+23
0.0019805,4.87859e+23,4.96016e+23
0.001989,4.91985e+23,5.0027e+23
0.0019975,4.96165e+23,5.0458e+23
0.002006,5.004e+23,5.08948e+23
0.0020145,5.04691e+23,5.13374e+23
0.002023,5.09038e+23,5.17858e+23
0.0020315,5.13443e+23,5.22403e+23
0.00204,5.17906e+23,5.27008e+23
0.0020485,5.22428e+23,5.31674e+23
0.002057,5.2701e+23,5.36403e+23
0.0020655,5.31653e+23,5.41196e+23
0.002074,5.36357e+23,5.46053e+23
0.0020825,5.41125e+23,5.50975e+23
0.002091,5.45955e+23,5.55964e+23
0.0020995,5.50851e+23,5.6102e+23
0.002108,5.55811e+23,5.66144e+23
0.0021165,5.60839e+23,5.71338e+23
0.002125,5.65933e+23,5.76602e+23
0.0021335,5.71096e+23,5.81938e+23
0.002142,5.76329e+23,5.87346e+23
0.0021505,5.81632e+23,5.92828e+23
0.002159,5.87007e+23,5.98384e+23
0.0021675,5.92454e+23,6.04017e+23
0.002176,5.97975e+23,6.09727e+23
0.0021845,6.03571e+23,6.15515e+23
0.002193,6.09243e+23,6.21382e+23
0.0022015,6.14992e+23,6.2733e+23
0.00221,6.20819e+23,6.3336e+23
0.0022185,6.26725e+23,6.39473e+23
0.002227,6.32713e+23,6.4567e+23
0.0022355,6.38782e+23,6.51954e+23
0.002244,6.44934e+23,6.58324e+23
0.0022525,6.5117e+23,6.64782e+23
0.002261,6.57493e+23,6.71331e+23
0.0022695,6.63902e+23,6.7797e+23
0.002278,6.70399e+23,6.84702e+23
0.0022865,6.76986e+23,6.91528e+23
0.002295,6.83664e+23,6.98449e+23
0.0023035,6.90434e+23,7.05467e+23
0.002312,6.97298e+23,7.12583e+23
0.0023205,7.04257e+23,7.19799e+23
0.002329,7.11313e+23,7.27117e+23
0.0023375,7.18467e+23,7.34538e+23
0.002346,7.2572e+23,7.42063e+23
0.0023545,7.33075e+23,7.49695e+23
0.002363,7.40532e+23,7.57434e+23
0.0023715,7.48093e+23,7.65283e+23
0.00238,7.55761e+23,7.73243e+23
0.0023885,7.63535e+23,7.81317e+23
0.002397,7.71419e+23,7.89505e+23
0.0024055,7.79414e+23,7.97809e+23
0.002414,7.87521e+23,8.06232e+23
0.0024225,7.95743e+23,8.14776e+23
0.002431,8.04081e+23,8.23441e+23
0.0024395,8.12536e+23,8.3223e+23
0.002448,8.21111e+23,8.41146e+23
0.0024565,8.29808e+23,8.50189e+23
0.002465,8.38628e+23,8.59363e+23
0.0024735,8.47573e+23,8.68668e+23
0.002482,8.56645e+23,8.78108e+23
0.0024905,8.65847e+23,8.87684e+23
0.002499,8.7518e+23,8.97399e+23
0.0025075,8.84646e+23,9.07254e+23
0.002516,8.94247e+23,9.17251e+23
0.0025245,9.03986e+23,9.27394e+23
0.002533,9.13865e+23,9.37685e+23
0.0025415,9.23885e+23,9.48125e+23
0.00255,9.34049e+23,9.58716e+23
0.0025585,9.4436e+23,9.69463e+23
0.002567,9.54819e+23,9.80367e+23
0.0025755,9.65429e+23,9.9143e+23
0.002584,9.76192e+23,1.00266e+24
0.0025925,9.8711e+23,1.01404e+24
0.002601,9.98187e+23,1.0256e+24
0.0026095,1.00942e+24,1.03733e+24
0.002618,1.02082e+24,1.04923e+24
0.0026265,1.03239e+24,1.0613e+24
0.002635,1.04412e+24,1.07356e+24
0.0026435,1.05603e+24,1.08599e+24
0.002652,1.06811e+24,1.09861e+24
0.0026605,1.08036e+24,1.11141e+24
0.002669,1.09279e+24,1.12441e+24
0.0026775,1.10541e+24,1.13759e+24
0.002686,1.11821e+24,1.15098e+24
0.0026945,1.1312e+24,1.16456e+24
0.002703,1.14437e+24,1.17834e+24
0.0027115,1.15775e+24,1.19233e+24
0.00272,1.17131e+24,1.20653e+24
0.0027285,1.18508e+24,1.22095e+24
0.002737,1.19905e+24,1.23557e+24
0.0027455,1.21323e+24,1.25042e+24
0.002754,1.22762e+24,1.26549e+24
0.0027625,1.24221e+24,1.28078e+24
0.002771,1.25703e+24,1.29631e+24
0.0027795,1.27206e+24,1.31206e+24
0.002788,1.28732e+24,1.32806e+24
0.0027965,1.3028e+24,1.3443e+24
0.002805,1.31851e+24,1.36078e+24
0.0028135,1.33446e+24,1.37751e+24
0.002822,1.35064e+24,1.39449e+24
0.0028305,1.36707e+24,1.41173e+24
0.002839,1.38374e+24,1.42923e+24
0.0028475,1.40065e+24,1.447e+24
0.002856,1.41782e+24,1.46503e+24
0.0028645,1.43525e+24,1.48334e+24
0.002873,1.45294e+24,1.50193e+24
0.0028815,1.47089e+24,1.5208e+24
0.00289,1.48911e+24,1.53996e+24
0.0028985,1.5076e+24,1.55941e+24
0.002907,1.52637e+24,1.57916e+24
0.0029155,1.54543e+24,1.5992e+24
0.002924,1.56477e+24,1.61956e+24
0.0029325,1.58439e+24,1.64022e+24
0.002941,1.60432e+24,1.6612e+24
0.0029495,1.62454e+24,1.68251e+24
0.002958,1.64507e+24,1.70413e+24
0.0029665,1.66591e+24,1.72609e+24
0.002975,1.68706e+24,1.74839e+24
0.0029835,1.70853e+24,1.77103e+24
0.002992,1.73033e+24,1.79402e+24
0.0030005,1.75245e+24,1.81736e+24
0.003009,1.77491e+24,1.84106e+24
0.0030175,1.79771e+24,1.86512e+24
0.003026,1.82086e+24,1.88955e+24
0.0030345,1.84435e+24,1.91436e+24
0.003043,1.8682e+24,1.93956e+24
0.0030515,1.89241e+24,1.96514e+24
0.00306,1.91698e+24,1.99111e+24
0.0030685,1.94193e+24,2.01749e+24
0.003077,1.96726e+24,2.04427e+24
0.0030855,1.99297e+24,2.07146e+24
0.003094,2.01907e+24,2.09908e+24
0.0031025,2.04557e+24,2.12712e+24
0.003111,2.07247e+24,2.1556e+24
0.0031195,2.09978e+24,2.18451e+24
0.003128,2.1275e+24,2.21388e+24
0.0031365,2.15564e+24,2.24369e+24
0.003145,2.18421e+24,2.27397e+24
0.0031535,2.21322e+24,2.30472e+24
0.003162,2.24266e+24,2.33594e+24
0.0031705,2.27255e+24,2.36764e+24
0.003179,2.3029e+24,2.39984e+24
0.0031875,2.33371e+24,2.43253e+24
0.003196,2.36498e+24,2.46573e+24
0.0032045,2.39673e+24,2.49944e+24
0.003213,2.42896e+24,2.53367e+24
0.0032215,2.46168e+24,2.56843e+24
0.00323,2.49489e+24,2.60373e+24
0.0032385,2.52861e+24,2.63958e+24
0.003247,2.56284e+24,2.67597e+24
0.0032555,2.59759e+24,2.71294e+24
0.003264,2.63287e+24,2.75047e+24
0.0032725,2.66868e+24,2.78858e+24
0.003281,2.70503e+24,2.82727e+24
0.0032895,2.74194e+24,2.86657e+24
0.003298,2.7794e+24,2.90647e+24
0.0033065,2.81742e+24,2.94698e+24
0.003315,2.85602e+24,2.98812e+24
0.0033235,2.89521e+24,3.02989e+24
0.003332,2.93498e+24,3.0723e+24
0.0033405,2.97536e+24,3.11536e+24
0.003349,3.01634e+24,3.15909e+24
0.0033575,3.05794e+24,3.20348e+24
0.003366,3.10016e+24,3.24856e+24
0.0033745,3.14302e+24,3.29432e+24
0.003383,3.18652e+24,3.34079e+24
0.0033915,3.23067e+24,3.38796e+24
0.0034,3.27549e+24,3.43585e+24
0.0034085,3.32097e+24,3.48447e+24
0.003417,3.36713e+24,3.53383e+24
0.0034255,3.41399e+24,3.58394e+24
0.003434,3.46153e+24,3.63482e+24
0.0034425,3.50979e+24,3.68646e+24
0.003451,3.55876e+24,3.73888e+24
0.0034595,3.60846e+24,3.7921e+24
0.003468,3.65889e+24,3.84611e+24
0.0034765,3.71008e+24,3.90094e+24
0.003485,3.76201e+24,3.9566e+24
0.0034935,3.81471e+24,4.01309e+24
0.003502,3.86818e+24,4.07042e+24
0.0035105,3.92244e+24,4.12861e+24
0.003519,3.97749e+24,4.18767e+24
0.0035275,4.03335e+24,4.2476e+24
0.003536,4.09002e+24,4.30843e+24
0.0035445,4.14751e+24,4.37015e+24
0.003553,4.20584e+24,4.43279e+24
0.0035615,4.26501e+24,4.49635e+24
0.00357,4.32504e+24,4.56084e+24
0.0035785,4.38593e+24,4.62628e+24
0.003587,4.4477e+24,4.69267e+24
0.0035955,4.51035e+24,4.76003e+24
0.003604,4.57389e+24,4.82837e+24
0.0036125,4.63834e+24,4.8977e+24
0.003621,4.70371e+24,4.96802e+24
0.0036295,4.77e+24,5.03937e+24
0.003638,4.83722e+24,5.11173e+24
0.0036465,4.90539e+24,5.18512e+24
0.003655,4.97452e+24,5.25956e+24
0.0036635,5.04461e+24,5.33506e+24
0.003672,5.11567e+24,5.41162e+24
0.0036805,5.18772e+24,5.48926e+24
0.003689,5.26076e+24,5.56799e+24
0.0036975,5.33481e+24,5.64781e+24
0.003706,5.40987e+24,5.72875e+24
0.0037145,5.48596e+24,5.8108e+24
0.003723,5.56308e+24,5.89398e+24
0.0037315,5.64124e+24,5.9783e+24
0.00374,5.72045e+24,6.06377e+24
0.0037485,5.80072e+24,6.1504e+24
0.003757,5.88206e+24,6.2382e+24
0.0037655,5.96448e+24,6.32717e+24
0.003774,6.04798e+24,6.41733e+24
0.0037825,6.13258e+24,6.50869e+24
0.003791,6.21828e+24,6.60125e+24
0.0037995,6.3051e+24,6.69502e+24
0.003808,6.39303e+24,6.79002e+24
0.0038165,6.48209e+24,6.88625e+24
0.003825,6.57228e+24,6.98371e+24
0.0038335,6.66362e+24,7.08241e+24
0.003842,6.75611e+24,7.18237e+24
0.0038505,6.84974e+24,7.28359e+24
0.003859,6.94455e+24,7.38607e+24
0.0038675,7.04052e+24,7.48982e+24
0.003876,7.13766e+24,7.59485e+24
0.0038845,7.23598e+24,7.70115e+24
0.003893,7.33549e+24,7.80875e+24
0.0039015,7.43618e+24,7.91763e+24
0.00391,7.53808e+24,8.02782e+24
0.0039185,7.64116e+24,8.13929e+24
0.003927,7.74545e+24,8.25208e+24
0.0039355,7.85094e+24,8.36615e+24
0.003944,7.95764e+24,8.48154e+24
0.0039525,8.06556e+24,8.59825e+24
0.003961,8.17468e+24,8.71625e+24
0.0039695,8.28502e+24,8.83557e+24
0.003978,8.39657e+24,8.95619e+24
0.0039865,8.50934e+24,9.07812e+24
0.003995,8.62333e+24,9.20137e+24
0.0040035,8.73852e+24,9.32591e+24
0.004012,8.85495e+24,9.45176e+24
0.0040205,8.97257e+24,9.5789e+24
0.004029,9.09141e+24,9.70735e+24
0.0040375,9.21147e+24,9.83709e+24
0.004046,9.33271e+24,9.9681e+24
0.0040545,9.45518e+24,1.01004e+25
0.004063,9.57884e+24,1.0234e+25
0.0040715,9.70368e+24,1.03688e+25
0.00408,9.82972e+24,1.05049e+25
0.0040885,9.95693e+24,1.06422e+25
0.004097,1.00853e+25,1.07808e+25
0.0041055,1.02149e+25,1.09206e+25
0.004114,1.03456e+25,1.10616e+25
0.0041225,1.04775e+25,1.12039e+25
0.004131,1.06105e+25,1.13473e+25
0.0041395,1.07446e+25,1.14919e+25
0.004148,1.08799e+25,1.16376e+25
0.0041565,1.10162e+25,1.17845e+25
0.004165,1.11537e+25,1.19326e+25
0.0041735,1.12922e+25,1.20817e+25
0.004182,1.14318e+25,1.2232e+25
0.0041905,1.15725e+25,1.23833e+25
0.004199,1.17142e+25,1.25356e+25
0.0042075,1.18569e+25,1.26891e+25
0.004216,1.20007e+25,1.28435e+25
0.0042245,1.21454e+25,1.29989e+25
0.004233,1.2291e+25,1.31553e+25
0.0042415,1.24377e+25,1.33126e+25
0.00425,1.25852e+25,1.34708e+25
0.0042585,1.27337e+25,1.36299e+25
0.004267,1.28831e+25,1.37899e+25
0.0042755,1.30333e+25,1.39507e+25
0.004284,1.31843e+25,1.41124e+25
0.0042925,1.33362e+25,1.42748e+25
0.004301,1.34889e+25,1.4438e+25
0.0043095,1.36423e+25,1.46018e+25
0.004318,1.37965e+25,1.47664e+25
0.0043265,1.39514e+25,1.49316e+25
0.004335,1.4107e+25,1.50974e+25
0.0043435,1.42633e+25,1.52639e+25
0.004352,1.44201e+25,1.54308e+25
0.0043605,1.45776e+25,1.55983e+25
0.004369,1.47357e+25,1.57663e+25
0.0043775,1.48943e+25,1.59347e+25
0.004386,1.50534e+25,1.61035e+25
0.0043945,1.5213e+25,1.62727e+25
0.004403,1.5373e+25,1.64422e+25
0.0044115,1.55335e+25,1.6612e+25
0.00442,1.56943e+25,1.67821e+25
0.0044285,1.58555e+25,1.69523e+25
0.004437,1.6017e+25,1.71228e+25
0.0044455,1.61788e+25,1.72933e+25
0.004454,1.63408e+25,1.7464e+25
0.0044625,1.6503e+25,1.76347e+25
0.004471,1.66654e+25,1.78054e+25
0.0044795,1.6828e+25,1.79761e+25
0.004488,1.69906e+25,1.81467e+25
0.0044965,1.71533e+25,1.83172e+25
0.004505,1.73161e+25,1.84876e+25
0.0045135,1.74788e+25,1.86577e+25
0.004522,1.76415e+25,1.88276e+25
0.0045305,1.7804e+25,1.89972e+25
0.004539,1.79665e+25,1.91664e+25
0.0045475,1.81288e+25,1.93353e+25
0.004556,1.82909e+25,1.95038e+25
0.0045645,1.84528e+25,1.96719e+25
0.004573,1.86144e+25,1.98394e+25
0.0045815,1.87757e+25,2.00064e+25
0.00459,1.89367e+25,2.01728e+25
0.0045985,1.90972e+25,2.03386e+25
0.004607,1.92574e+25,2.05038e+25
0.0046155,1.94171e+25,2.06682e+25
0.004624,1.95763e+25,2.08319e+25
0.0046325,1.97349e+25,2.09949e+25
0.004641,1.9893e+25,2.1157e+25
0.0046495,2.00505e+25,2.13183e+25
0.004658,2.02074e+25,2.14787e+25
0.0046665,2.03636e+25,2.16381e+25
0.004675,2.05191e+25,2.17966e+25
0.0046835,2.06738e+25,2.19541e+25
0.004692,2.08278e+25,2.21106e+25
0.0047005,2.0981e+25,2.2266e+25
0.004709,2.11333e+25,2.24204e+25
0.0047175,2.12848e+25,2.25736e+25
0.004726,2.14353e+25,2.27256e+25
0.0047345,2.1585e+25,2.28765e+25
0.004743,2.17336e+25,2.30261e+25
0.0047515,2.18813e+25,2.31745e+25
0.00476,2.2028e+25,2.33216e+25
0.0047685,2.21736e+25,2.34674e+25
0.004777,2.23182e+25,2.36119e+25
0.0047855,2.24616e+25,2.37551e+25
0.004794,2.26039e+25,2.38969e+25
0.0048025,2.27451e+25,2.40373e+25
0.004811,2.28851e+25,2.41763e+25
0.0048195,2.3024e+25,2.43138e+25
0.004828,2.31616e+25,2.44499e+25
0.0048365,2.3298e+25,2.45845e+25
0.004845,2.34331e+25,2.47177e+25
0.0048535,2.35669e+25,2.48493e+25
0.004862,2.36995e+25,2.49794e+25
0.0048705,2.38307e+25,2.5108e+25
0.004879,2.39606e+25,2.52351e+25
0.0048875,2.40892e+25,2.53606e+25
0.004896,2.42164e+25,2.54845e+25
0.0049045,2.43422e+25,2.56068e+25
0.004913,2.44666e+25,2.57276e+25
0.0049215,2.45897e+25,2.58468e+25
0.00493,2.47113e+25,2.59643e+25
0.0049385,2.48315e+25,2.60803e+25
0.004947,2.49503e+25,2.61946e+25
0.0049555,2.50677e+25,2.63074e+25
0.004964,2.51836e+25,2.64185e+25
0.0049725,2.5298e+25,2.6528e+25
0.004981,2.5411e+25,2.66359e+25
0.0049895,2.55225e+25,2.67422e+25
0.004998,2.56326e+25,2.68469e+25
0.0050065,2.57411e+25,2.69499e+25
0.005015,2.58483e+25,2.70513e+25
0.0050235,2.59539e+25,2.71512e+25
0.005032,2.6058e+25,2.72494e+25
0.0050405,2.61607e+25,2.7346e+25
0.005049,2.62619e+25,2.7441e+25
0.0050575,2.63616e+25,2.75345e+25
0.005066,2.64598e+25,2.76263e+25
0.0050745,2.65565e+25,2.77166e+25
0.005083,2.66518e+25,2.78053e+25
0.0050915,2.67456e+25,2.78925e+25
0.0051,2.68379e+25,2.79781e+25
0.0051085,2.69288e+25,2.80622e+25
0.005117,2.70182e+25,2.81447e+25
0.0051255,2.71062e+25,2.82258e+25
0.005134,2.71927e+25,2.83053e+25
0.0051425,2.72778e+25,2.83834e+25
0.005151,2.73615e+25,2.846e+25
0.0051595,2.74437e+25,2.85351e+25
0.005168,2.75246e+25,2.86088e+25
0.0051765,2.7604e+25,2.8681e+25
0.005185,2.7682e+25,2.87518e+25
0.0051935,2.77586e+25,2.88213e+25
0.005202,2.78339e+25,2.88893e+25
0.0052105,2.79078e+25,2.89559e+25
0.005219,2.79803e+25,2.90212e+25
0.0052275,2.80515e+25,2.90852e+25
0.005236,2.81214e+25,2.91478e+25
0.0052445,2.819e+25,2.92091e+25
0.005253,2.82572e+25,2.92691e+25
0.0052615,2.83231e+25,2.93279e+25
0.00527,2.83878e+25,2.93854e+25
0.0052785,2.84512e+25,2.94416e+25
0.005287,2.85133e+25,2.94967e+25
0.0052955,2.85742e+25,2.95505e+25
0.005304,2.86338e+25,2.96031e+25
0.0053125,2.86922e+25,2.96546e+25
0.005321,2.87494e+25,2.97049e+25
0.0053295,2.88055e+25,2.97541e+25
0.005338,2.88603e+25,2.98021e+25
0.0053465,2.8914e+25,2.98491e+25
0.005355,2.89665e+25,2.98949e+25
0.0053635,2.90179e+25,2.99397e+25
0.005372,2.90681e+25,2.99835e+25
0.0053805,2.91172e+25,3.00262e+25
0.005389,2.91653e+25,3.0068e+25
0.0053975,2.92122e+25,3.01087e+25
0.005406,2.92581e+25,3.01484e+25
0.0054145,2.93029e+25,3.01872e+25
0.005423,2.93466e+25,3.02251e+25
0.0054315,2.93894e+25,3.0262e+25
0.00544,2.94311e+25,3.0298e+25
0.0054485,2.94717e+25,3.03331e+25
0.005457,2.95114e+25,3.03674e+25
0.0054655,2.95501e+25,3.04008e+25
0.005474,2.95878e+25,3.04333e+25
0.0054825,2.96246e+25,3.04651e+25
0.005491,2.96604e+25,3.0496e+25
0.0054995,2.96953e+25,3.05261e+25
0.005508,2.97292e+25,3.05555e+25
0.0055165,2.97622e+25,3.05841e+25
0.005525,2.97943e+25,3.0612e+25
0.0055335,2.98255e+25,3.06391e+25
0.005542,2.98558e+25,3.06655e+25
0.0055505,2.98852e+25,3.06912e+25
0.005559,2.99137e+25,3.07163e+25
0.0055675,2.99413e+25,3.07406e+25
0.005576,2.99681e+25,3.07644e+25
0.0055845,2.99941e+25,3.07874e+25
0.005593,3.00191e+25,3.08099e+25
0.0056015,3.00433e+25,3.08317e+25
0.00561,3.00667e+25,3.0853e+25
0.0056185,3.00892e+25,3.08736e+25
0.005627,3.01109e+25,3.08937e+25
0.0056355,3.01317e+25,3.09132e+25
0.005644,3.01516e+25,3.09322e+25
0.0056525,3.01707e+25,3.09507e+25
0.005661,3.01889e+25,3.09686e+25
0.0056695,3.02063e+25,3.09861e+25
0.005678,3.02228e+25,3.1003e+25
0.0056865,3.02384e+25,3.10194e+25
0.005695,3.02531e+25,3.10354e+25
0.0057035,3.02668e+25,3.10509e+25
0.005712,3.02796e+25,3.1066e+25
0.0057205,3.02914e+25,3.10806e+25
0.005729,3.03022e+25,3.10948e+25
0.0057375,3.0312e+25,3.11086e+25
0.005746,3.03207e+25,3.1122e+25
0.0057545,3.03282e+25,3.1135e+25
0.005763,3.03346e+25,3.11476e+25
0.0057715,3.03397e+25,3.11598e+25
0.00578,3.03434e+25,3.11717e+25
0.0057885,3.03457e+25,3.11832e+25
0.005797,3.03464e+25,3.11943e+25
0.0058055,3.03454e+25,3.12052e+25
0.005814,3.03425e+25,3.12156e+25
0.0058225,3.03376e+25,3.12258e+25
0.005831,3.03304e+25,3.12357e+25
0.0058395,3.03206e+25,3.12452e+25
0.005848,3.03079e+25,3.12545e+25
0.0058565,3.02918e+25,3.12634e+25
0.005865,3.02717e+25,3.12721e+25
0.0058735,3.02471e+25,3.12805e+25
0.005882,3.02169e+25,3.12887e+25
0.0058905,3.01801e+25,3.12965e+25
0.005899,3.0135e+25,3.13042e+25
0.0059075,3.00796e+25,3.13116e+25
0.005916,3.00109e+25,3.13187e+25
0.0059245,2.99248e+25,3.13256e+25
0.005933,2.98149e+25,3.13323e+25
0.0059415,2.96714e+25,3.13388e+25
0.00595,2.94783e+25,3.13451e+25
0.0059585,2.92071e+25,3.13511e+25
0.005967,2.8802e+25,3.1357e+25
0.0059755,2.81376e+25,3.13627e+25
0.005984,2.68594e+25,3.13681e+25
0.0059925,2.34273e+25,3.13734e+25
0.006001,2.08184e+23,1.17043e+23
0.0060095,2.07593e+23,1.17017e+23
0.006018,2.06998e+23,1.16991e+23
0.0060265,2.06398e+23,1.16965e+23
0.006035,2.05795e+23,1.16939e+23
0.0060435,2.05188e+23,1.16913e+23
0.006052,2.04577e+23,1.16886e+23
0.0060605,2.03961e+23,1.16859e+23
0.006069,2.03342e+23,1.16832e+23
0.0060775,2.02718e+23,1.16805e+23
0.006086,2.02091e+23,1.16778e+23
0.0060945,2.01459e+23,1.16751e+23
0.006103,2.00823e+23,1.16723e+23
0.0061115,2.00182e+23,1.16695e+23
0.00612,1.99538e+23,1.16667e+23
0.0061285,1.98889e+23,1.16639e+23
0.006137,1.98235e+23,1.1661e+23
0.0061455,1.97578e+23,1.16582e+23
0.006154,1.96915e+23,1.16553e+23
0.0061625,1.96249e+23,1.16524e+23
0.006171,1.95578e+23,1.16495e+23
0.0061795,1.94902e+23,1.16466e+23
0.006188,1.94221e+23,1.16436e+23
0.0061965,1.93537e+23,1.16406e+23
0.006205,1.92847e+23,1.16376e+23
0.0062135,1.92153e+23,1.16346e+23
0.006222,1.91454e+23,1.16316e+23
0.0062305,1.9075e+23,1.16285e+23
0.006239,1.90041e+23,1.16254e+23
0.0062475,1.89328e+23,1.16223e+23
0.006256,1.88609e+23,1.16192e+23
0.0062645,1.87886e+23,1.16161e+23
0.006273,1.87158e+23,1.16129e+23
0.0062815,1.86425e+23,1.16097e+23
0.00629,1.85686e+23,1.16065e+23
0.0062985,1.84943e+23,1.16033e+23
0.006307,1.84194e+23,1.16e+23
0.0063155,1.8344e+23,1.15968e+23
0.006324,1.82682e+23,1.15935e+23
0.0063325,1.81917e+23,1.15902e+23
0.006341,1.81148e+23,1.15868e+23
0.0063495,1.80373e+23,1.15834e+23
0.006358,1.79592e+23,1.158e+23
0.0063665,1.78807e+23,1.15766e+23
0.006375,1.78015e+23,1.15732e+23
0.0063835,1.77219e+23,1.15697e+23
0.006392,1.76416e+23,1.15663e+23
0.0064005,1.75608e+23,1.15627e+23
0.006409,1.74795e+23,1.15592e+23
0.0064175,1.73975e+23,1.15556e+23
0.006426,1.7315e+23,1.15521e+23
0.0064345,1.72319e+23,1.15484e+23
0.006443,1.71482e+23,1.15448e+23
0.0064515,1.70639e+23,1.15412e+23
0.00646,1.69791e+23,1.15375e+23
0.0064685,1.68936e+23,1.15338e+23
0.006477,1.68075e+23,1.153e+23
0.0064855,1.67208e+23,1.15262e+23
0.006494,1.66335e+23,1.15224e+23
0.0065025,1.65456e+23,1.15186e+23
0.006511,1.6457e+23,1.15148e+23
0.0065195,1.63678e+23,1.15109e+23
0.006528,1.6278e+23,1.1507e+23
0.0065365,1.61875e+23,1.15031e+23
0.006545,1.60963e+23,1.14991e+23
0.0065535,1.60046e+23,1.14951e+23
0.006562,1.59121e+23,1.14911e+23
0.0065705,1.5819e+23,1.14871e+23
0.006579,1.57252e+23,1.1483e+23
0.0065875,1.56307e+23,1.14789e+23
0.006596,1.55356e+23,1.14747e+23
0.0066045,1.54397e+23,1.14706e+23
0.006613,1.53432e+23,1.14664e+23
0.0066215,1.5246e+23,1.14622e+23
0.00663,1.5148e+23,1.14579e+23
0.0066385,1.50494e+23,1.14536e+23
0.006647,1.495e+23,1.14493e+23
0.0066555,1.48499e+23,1.1445e+23
0.006664,1.4749e+23,1.14406e+23
0.0066725,1.46474e+23,1.14362e+23
0.006681,1.45451e+23,1.14317e+23
0.0066895,1.4442e+23,1.14272e+23
0.006698,1.43382e+23,1.14227e+23
0.0067065,1.42336e+23,1.14182e+23
0.006715,1.41282e+23,1.14136e+23
0.0067235,1.4022e+23,1.1409e+23
0.006732,1.39151e+23,1.14043e+23
0.0067405,1.38074e+23,1.13997e+23
0.006749,1.36988e+23,1.13949e+23
0.0067575,1.35895e+23,1.13902e+23
0.006766,1.34793e+23,1.13854e+23
0.0067745,1.33683e+23,1.13806e+23
0.006783,1.32565e+23,1.13757e+23
0.0067915,1.31439e+23,1.13708e+23
0.0068,1.30304e+23,1.13659e+23
0.0068085,1.2916e+23,1.13609e+23
0.006817,1.28008e+23,1.13559e+23
0.0068255,1.26848e+23,1.13509e+23
0.006834,1.25678e+23,1.13458e+23
0.0068425,1.245e+23,1.13407e+23
0.006851,1.23313e+23,1.13355e+23
0.0068595,1.22117e+23,1.13303e+23
0.006868,1.20912e+23,1.13251e+23
0.0068765,1.19697e+23,1.13198e+23
0.006885,1.18474e+23,1.13145e+23
0.0068935,1.17241e+23,1.13091e+23
0.006902,1.15998e+23,1.13038e+23
0.0069105,1.14747e+23,1.12983e+23
0.006919,1.13485e+23,1.12928e+23
0.0069275,1.12214e+23,1.12873e+23
0.006936,1.10934e+23,1.12817e+23
0.0069445,1.09643e+23,1.12761e+23
0.006953,1.08343e+23,1.12705e+23
0.0069615,1.07032e+23,1.12648e+23
0.00697,1.05711e+23,1.12591e+23
0.0069785,1.04381e+23,1.12533e+23
0.006987,1.0304e+23,1.12475e+23
0.0069955,1.01688e+23,1.12416e+23
0.007004,1.51458e+26,1.021e+25
0.0070125,1.52236e+26,1.02781e+25
0.007021,1.53016e+26,1.03465e+25
0.0070295,1.53798e+26,1.04152e+25
0.007038,1.54582e+26,1.04844e+25
0.0070465,1.55367e+26,1.05539e+25
0.007055,1.56154e+26,1.06238e+25
0.0070635,1.56943e+26,1.06941e+25
0.007072,1.57734e+26,1.07647e+25
0.0070805,1.58526e+26,1.08357e+25
0.007089,1.59319e+26,1.09071e+25
0.0070975,1.60114e+26,1.09788e+25
0.007106,1.60911e+26,1.10509e+25
0.0071145,1.61709e+26,1.11234e+25
0.007123,1.62508e+26,1.11962e+25
0.0071315,1.63308e+26,1.12693e+25
0.00714,1.6411e+26,1.13429e+25
0.0071485,1.64913e+26,1.14167e+25
0.007157,1.65717e+26,1.14909e+25
0.0071655,1.66522e+26,1.15655e+25
0.007174,1.67327e+26,1.16404e+25
0.0071825,1.68134e+26,1.17156e+25
0.007191,1.68942e+26,1.17912e+25
0.0071995,1.6975e+26,1.18671e+25
0.007208,1.70559e+26,1.19433e+25
0.0072165,1.71369e+26,1.20198e+25
0.007225,1.72179e+26,1.20967e+25
0.0072335,1.72989e+26,1.21738e+25
0.007242,1.738e+26,1.22513e+25
0.0072505,1.74611e+26,1.23291e+25
0.007259,1.75423e+26,1.24072e+25
0.0072675,1.76235e+26,1.24855e+25
0.007276,1.77046e+26,1.25642e+25
0.0072845,1.77858e+26,1.26431e+25
0.007293,1.7867e+26,1.27223e+25
0.0073015,1.79481e+26,1.28018e+25
0.00731,1.80293e+26,1.28815e+25
0.0073185,1.81104e+26,1.29615e+25
0.007327,1.81914e+26,1.30418e+25
0.0073355,1.82724e+26,1.31223e+25
0.007344,1.83533e+26,1.3203e+25
0.0073525,1.84342e+26,1.32839e+25
0.007361,1.8515e+26,1.33651e+25
0.0073695,1.85957e+26,1.34465e+25
0.007378,1.86763e+26,1.35281e+25
0.0073865,1.87567e+26,1.36099e+25
0.007395,1.88371e+26,1.36919e+25
0.0074035,1.89173e+26,1.3774e+25
0.007412,1.89974e+26,1.38564e+25
0.0074205,1.90774e+26,1.39388e+25
0.007429,1.91572e+26,1.40215e+25
0.0074375,1.92368e+26,1.41043e+25
0.007446,1.93162e+26,1.41872e+25
0.0074545,1.93955e+26,1.42702e+25
0.007463,1.94745e+26,1.43534e+25
0.0074715,1.95533e+26,1.44366e+25
0.00748,1.96319e+26,1.45199e+25
0.0074885,1.97103e+26,1.46033e+25
0.007497,1.97884e+26,1.46868e+25
0.0075055,1.98662e+26,1.47703e+25
0.007514,1.99438e+26,1.48539e+25
0.0075225,2.00211e+26,1.49375e+25
0.007531,2.00981e+26,1.50211e+25
0.0075395,2.01748e+26,1.51047e+25
0.007548,2.02511e+26,1.51883e+25
0.0075565,2.03272e+26,1.52719e+25
0.007565,2.04028e+26,1.53555e+25
0.0075735,2.04782e+26,1.5439e+25
0.007582,2.05531e+26,1.55224e+25
0.0075905,2.06277e+26,1.56058e+25
0.007599,2.07019e+26,1.5689e+25
0.0076075,2.07757e+26,1.57722e+25
0.007616,2.0849e+26,1.58552e+25
0.0076245,2.09219e+26,1.59381e+25
0.007633,2.09944e+26,1.60208e+25
0.0076415,2.10664e+26,1.61033e+25
0.00765,2.1138e+26,1.61857e+25
0.0076585,2.1209e+26,1.62678e+25
0.007667,2.12796e+26,1.63498e+25
0.0076755,2.13497e+26,1.64315e+25
0.007684,2.14192e+26,1.65129e+25
0.0076925,2.14882e+26,1.65941e+25
0.007701,2.15567e+26,1.6675e+25
0.0077095,2.16246e+26,1.67556e+25
0.007718,2.1692e+26,1.68358e+25
0.0077265,2.17587e+26,1.69157e+25
0.007735,2.18249e+26,1.69953e+25
0.0077435,2.18905e+26,1.70745e+25
0.007752,2.19554e+26,1.71533e+25
0.0077605,2.20197e+26,1.72316e+25
0.007769,2.20834e+26,1.73096e+25
0.0077775,2.21465e+26,1.73871e+25
0.007786,2.22089e+26,1.74642e+25
0.0077945,2.22706e+26,1.75407e+25
0.007803,2.23317e+26,1.76168e+25
0.0078115,2.23921e+26,1.76924e+25
0.00782,2.24518e+26,1.77674e+25
0.0078285,2.25108e+26,1.78419e+25
0.007837,2.25691e+26,1.79159e+25
0.0078455,2.26267e+26,1.79893e+25
0.007854,2.26835e+26,1.80621e+25
0.0078625,2.27397e+26,1.81343e+25
0.007871,2.27951e+26,1.82058e+25
0.0078795,2.28498e+26,1.82768e+25
0.007888,2.29038e+26,1.83471e+25
0.0078965,2.29571e+26,1.84168e+25
0.007905,2.30096e+26,1.84858e+25
0.0079135,2.30614e+26,1.85542e+25
0.007922,2.31125e+26,1.86219e+25
0.0079305,2.31628e+26,1.86889e+25
0.007939,2.32125e+26,1.87552e+25
0.0079475,2.32614e+26,1.88208e+25
0.007956,2.33097e+26,1.88857e+25
0.0079645,2.33572e+26,1.895e+25
0.007973,2.34041e+26,1.90136e+25
0.0079815,2.34503e+26,1.90764e+25
0.00799,2.34959e+26,1.91386e+25
0.0079985,2.35409e+26,1.92001e+25
0.008007,2.35852e+26,1.9261e+25
0.0080155,2.36289e+26,1.93212e+25
0.008024,2.36721e+26,1.93807e+25
0.0080325,2.37148e+26,1.94397e+25
0.008041,2.3757e+26,1.9498e+25
0.0080495,2.37986e+26,1.95558e+25
0.008058,2.38399e+26,1.9613e+25
0.0080665,2.38808e+26,1.96697e+25
0.008075,2.39213e+26,1.97259e+25
0.0080835,2.39616e+26,1.97817e+25
0.008092,2.40016e+26,1.98371e+25
0.0081005,2.40414e+26,1.98921e+25
0.008109,2.40811e+26,1.99469e+25
0.0081175,2.41207e+26,2.00014e+25
0.008126,2.41603e+26,2.00557e+25
0.0081345,2.42e+26,2.01099e+25
0.008143,2.42399e+26,2.01641e+25
0.0081515,2.42801e+26,2.02183e+25
0.00816,2.43206e+26,2.02727e+25
0.0081685,2.43615e+26,2.03274e+25
0.008177,2.4403e+26,2.03823e+25
0.0081855,2.44452e+26,2.04378e+25
0.008194,2.44882e+26,2.04938e+25
0.0082025,2.4532e+26,2.05505e+25
0.008211,2.4577e+26,2.06081e+25
0.0082195,2.46231e+26,2.06667e+25
0.008228,2.46706e+26,2.07265e+25
0.0082365,2.47196e+26,2.07876e+25
0.008245,2.47703e+26,2.08502e+25
0.0082535,2.48228e+26,2.09145e+25
0.008262,2.48774e+26,2.09808e+25
0.0082705,2.49343e+26,2.10492e+25
0.008279,2.49937e+26,2.112e+25
0.0082875,2.50558e+26,2.11935e+25
0.008296,2.51208e+26,2.12698e+25
0.0083045,2.5189e+26,2.13494e+25
0.008313,2.52606e+26,2.14324e+25
0.0083215,2.5336e+26,2.15193e+25
0.00833,2.54154e+26,2.16104e+25
0.0083385,2.54991e+26,2.17059e+25
0.008347,2.55874e+26,2.18064e+25
0.0083555,2.56807e+26,2.19122e+25
0.008364,2.57793e+26,2.20236e+25
0.0083725,2.58835e+26,2.21413e+25
0.008381,2.59938e+26,2.22657e+25
0.0083895,2.61105e+26,2.23971e+25
0.008398,2.6234e+26,2.25363e+25
0.0084065,2.63647e+26,2.26836e+25
0.008415,2.6503e+26,2.28399e+25
0.0084235,2.66495e+26,2.30055e+25
0.008432,2.68045e+26,2.31812e+25
0.0084405,2.69685e+26,2.33677e+25
0.008449,2.7142e+26,2.35656e+25
0.0084575,2.73255e+26,2.37758e+25
0.008466,2.75195e+26,2.39989e+25
0.0084745,2.77245e+26,2.42359e+25
0.008483,2.79409e+26,2.44876e+25
0.0084915,2.81694e+26,2.47549e+25
0.0085,2.84104e+26,2.50387e+25
