"arc_length","solute_mu","solute_c"
0,1e+20,1e+20
4e-06,9.98e+19,9.98501e+19
8e-06,9.96e+19,9.97003e+19
1.2e-05,9.94e+19,9.95504e+19
1.6e-05,9.92e+19,9.94006e+19
2e-05,9.9e+19,9.92507e+19
2.4e-05,9.88e+19,9.91009e+19
2.8e-05,9.86e+19,9.8951e+19
3.2e-05,9.84e+19,9.88012e+19
3.6e-05,9.82e+19,9.86513e+19
4e-05,9.8e+19,9.85015e+19
4.4e-05,9.78e+19,9.83516e+19
4.8e-05,9.76e+19,9.82018e+19
5.2e-05,9.74e+19,9.80519e+19
5.6e-05,9.72e+19,9.7902e+19
6e-05,9.7e+19,9.77522e+19
6.4e-05,9.68e+19,9.76023e+19
6.8e-05,9.66e+19,9.74525e+19
7.2e-05,9.64e+19,9.73026e+19
7.6e-05,9.62e+19,9.71528e+19
8e-05,9.6e+19,9.70029e+19
8.4e-05,9.58e+19,9.68531e+19
8.8e-05,9.56e+19,9.67032e+19
9.2e-05,9.54e+19,9.65534e+19
9.6e-05,9.52e+19,9.64035e+19
0.0001,9.5e+19,9.62537e+19
0.000104,9.48e+19,9.61038e+19
0.000108,9.46e+19,9.59539e+19
0.000112,9.44e+19,9.58041e+19
0.000116,9.42e+19,9.56542e+19
0.00012,9.4e+19,9.55044e+19
0.000124,9.38e+19,9.53545e+19
0.000128,9.36e+19,9.52047e+19
0.000132,9.34e+19,9.50548e+19
0.000136,9.32e+19,9.4905e+19
0.00014,9.3e+19,9.47551e+19
0.000144,9.28e+19,9.46053e+19
0.000148,9.26e+19,9.44554e+19
0.000152,9.24e+19,9.43056e+19
0.000156,9.22e+19,9.41557e+19
0.00016,9.2e+19,9.40058e+19
0.000164,9.18e+19,9.3856e+19
0.000168,9.16e+19,9.37061e+19
0.000172,9.14e+19,9.35563e+19
0.000176,9.12e+19,9.34064e+19
0.00018,9.1e+19,9.32566e+19
0.000184,9.08e+19,9.31067e+19
0.000188,9.06e+19,9.29569e+19
0.000192,9.04e+19,9.2807e+19
0.000196,9.02e+19,9.26572e+19
0.0002,9e+19,9.25073e+19
0.000204,8.98e+19,9.23575e+19
0.000208,8.96e+19,9.22076e+19
0.000212,8.94e+19,9.20577e+19
0.000216,8.92e+19,9.19079e+19
0.00022,8.9e+19,9.1758e+19
0.000224,8.88e+19,9.16082e+19
0.000228,8.86e+19,9.14583e+19
0.000232,8.84e+19,9.13085e+19
0.000236,8.82e+19,9.11586e+19
0.00024,8.8e+19,9.10088e+19
0.000244,8.78e+19,9.08589e+19
0.000248,8.76e+19,9.07091e+19
0.000252,8.74e+19,9.05592e+19
0.000256,8.72001e+19,9.04094e+19
0.00026,8.70001e+19,9.02595e+19
0.000264,8.68e+19,9.01096e+19
0.000268,8.66001e+19,8.99598e+19
0.000272,8.64001e+19,8.98099e+19
0.000276,8.62e+19,8.96601e+19
0.00028,8.60001e+19,8.95102e+19
0.000284,8.58001e+19,8.93604e+19
0.000288,8.56001e+19,8.92105e+19
0.000292,8.54001e+19,8.90607e+19
0.000296,8.52001e+19,8.89108e+19
0.0003,8.50001e+19,8.8761e+19
0.000304,8.48001e+19,8.86111e+19
0.000308,8.46001e+19,8.84613e+19
0.000312,8.44001e+19,8.83114e+19
0.000316,8.42001e+19,8.81615e+19
0.00032,8.40001e+19,8.80117e+19
0.000324,8.38001e+19,8.78618e+19
0.000328,8.36001e+19,8.7712e+19
0.000332,8.34001e+19,8.75621e+19
0.000336,8.32001e+19,8.74123e+19
0.00034,8.30001e+19,8.72624e+19
0.000344,8.28001e+19,8.71126e+19
0.000348,8.26001e+19,8.69627e+19
0.000352,8.24001e+19,8.68129e+19
0.000356,8.22001e+19,8.6663e+19
0.00036,8.20001e+19,8.65132e+19
0.000364,8.18001e+19,8.63633e+19
0.000368,8.16001e+19,8.62134e+19
0.000372,8.14001e+19,8.60636e+19
0.000376,8.12001e+19,8.59137e+19
0.00038,8.10001e+19,8.57639e+19
0.000384,8.08001e+19,8.5614e+19
0.000388,8.06001e+19,8.54642e+19
0.000392,8.04001e+19,8.53143e+19
0.000396,8.02001e+19,8.51645e+19
0.0004,8.00001e+19,8.50146e+19
0.000404,7.98001e+19,8.48648e+19
0.000408,7.96001e+19,8.47149e+19
0.000412,7.94001e+19,8.45651e+19
0.000416,7.92001e+19,8.44152e+19
0.00042,7.90001e+19,8.42653e+19
0.000424,7.88001e+19,8.41155e+19
0.000428,7.86001e+19,8.39656e+19
0.000432,7.84001e+19,8.38158e+19
0.000436,7.82001e+19,8.36659e+19
0.00044,7.80001e+19,8.35161e+19
0.000444,7.78001e+19,8.33662e+19
0.000448,7.76001e+19,8.32164e+19
0.000452,7.74001e+19,8.30665e+19
0.000456,7.72001e+19,8.29167e+19
0.00046,7.70001e+19,8.27668e+19
0.000464,7.68001e+19,8.2617e+19
0.000468,7.66001e+19,8.24671e+19
0.000472,7.64001e+19,8.23172e+19
0.000476,7.62001e+19,8.21674e+19
0.00048,7.60001e+19,8.20175e+19
0.000484,7.58001e+19,8.18677e+19
0.000488,7.56001e+19,8.17178e+19
0.000492,7.54001e+19,8.1568e+19
0.000496,7.52001e+19,8.14181e+19
0.0005,7.50001e+19,8.12683e+19
0.000504,7.48001e+19,8.11184e+19
0.000508,7.46001e+19,8.09686e+19
0.000512,7.44001e+19,8.08187e+19
0.000516,7.42001e+19,8.06689e+19
0.00052,7.40001e+19,8.0519e+19
0.000524,7.38001e+19,8.03691e+19
0.000528,7.36001e+19,8.02193e+19
0.000532,7.34001e+19,8.00694e+19
0.000536,7.32001e+19,7.99196e+19
0.00054,7.30001e+19,7.97697e+19
0.000544,7.28001e+19,7.96199e+19
0.000548,7.26001e+19,7.947e+19
0.000552,7.24001e+19,7.93202e+19
0.000556,7.22001e+19,7.91703e+19
0.00056,7.20001e+19,7.90205e+19
0.000564,7.18001e+19,7.88706e+19
0.000568,7.16001e+19,7.87208e+19
0.000572,7.14001e+19,7.85709e+19
0.000576,7.12001e+19,7.8421e+19
0.00058,7.10001e+19,7.82712e+19
0.000584,7.08001e+19,7.81213e+19
0.000588,7.06001e+19,7.79715e+19
0.000592,7.04001e+19,7.78216e+19
0.000596,7.02001e+19,7.76718e+19
0.0006,7.00001e+19,7.75219e+19
0.000604,6.98001e+19,7.73721e+19
0.000608,6.96001e+19,7.72222e+19
0.000612,6.94001e+19,7.70724e+19
0.000616,6.92001e+19,7.69225e+19
0.00062,6.90001e+19,7.67727e+19
0.000624,6.88001e+19,7.66228e+19
0.000628,6.86001e+19,7.64729e+19
0.000632,6.84001e+19,7.63231e+19
0.000636,6.82001e+19,7.61732e+19
0.00064,6.80001e+19,7.60234e+19
0.000644,6.78001e+19,7.58735e+19
0.000648,6.76001e+19,7.57237e+19
0.000652,6.74001e+19,7.55738e+19
0.000656,6.72001e+19,7.5424e+19
0.00066,6.70001e+19,7.52741e+19
0.000664,6.68001e+19,7.51243e+19
0.000668,6.66001e+19,7.49744e+19
0.000672,6.64001e+19,7.48246e+19
0.000676,6.62001e+19,7.46747e+19
0.00068,6.60001e+19,7.45248e+19
0.000684,6.58001e+19,7.4375e+19
0.000688,6.56001e+19,7.42251e+19
0.000692,6.54001e+19,7.40753e+19
0.000696,6.52001e+19,7.39254e+19
0.0007,6.50001e+19,7.37756e+19
0.000704,6.48001e+19,7.36257e+19
0.000708,6.46001e+19,7.34759e+19
0.000712,6.44001e+19,7.3326e+19
0.000716,6.42001e+19,7.31762e+19
0.00072,6.40001e+19,7.30263e+19
0.000724,6.38001e+19,7.28765e+19
0.000728,6.36001e+19,7.27266e+19
0.000732,6.34001e+19,7.25767e+19
0.000736,6.32001e+19,7.24269e+19
0.00074,6.30001e+19,7.2277e+19
0.000744,6.28001e+19,7.21272e+19
0.000748,6.26001e+19,7.19773e+19
0.000752,6.24001e+19,7.18275e+19
0.000756,6.22001e+19,7.16776e+19
0.00076,6.20001e+19,7.15278e+19
0.000764,6.18001e+19,7.13779e+19
0.000768,6.16001e+19,7.12281e+19
0.000772,6.14001e+19,7.10782e+19
0.000776,6.12001e+19,7.09284e+19
0.00078,6.10001e+19,7.07785e+19
0.000784,6.08001e+19,7.06286e+19
0.000788,6.06001e+19,7.04788e+19
0.000792,6.04001e+19,7.03289e+19
0.000796,6.02001e+19,7.01791e+19
0.0008,6.00001e+19,7.00292e+19
0.000804,5.98002e+19,6.98794e+19
0.000808,5.96001e+19,6.97295e+19
0.000812,5.94002e+19,6.95797e+19
0.000816,5.92002e+19,6.94298e+19
0.00082,5.90002e+19,6.928e+19
0.000824,5.88002e+19,6.91301e+19
0.000828,5.86002e+19,6.89803e+19
0.000832,5.84002e+19,6.88304e+19
0.000836,5.82002e+19,6.86805e+19
0.00084,5.80002e+19,6.85307e+19
0.000844,5.78002e+19,6.83808e+19
0.000848,5.76002e+19,6.8231e+19
0.000852,5.74002e+19,6.80811e+19
0.000856,5.72002e+19,6.79313e+19
0.00086,5.70002e+19,6.77814e+19
0.000864,5.68002e+19,6.76316e+19
0.000868,5.66002e+19,6.74817e+19
0.000872,5.64002e+19,6.73319e+19
0.000876,5.62002e+19,6.7182e+19
0.00088,5.60002e+19,6.70322e+19
0.000884,5.58002e+19,6.68823e+19
0.000888,5.56002e+19,6.67324e+19
0.000892,5.54002e+19,6.65826e+19
0.000896,5.52002e+19,6.64327e+19
0.0009,5.50002e+19,6.62829e+19
0.000904,5.48002e+19,6.6133e+19
0.000908,5.46002e+19,6.59832e+19
0.000912,5.44002e+19,6.58333e+19
0.000916,5.42002e+19,6.56835e+19
0.00092,5.40002e+19,6.55336e+19
0.000924,5.38002e+19,6.53838e+19
0.000928,5.36002e+19,6.52339e+19
0.000932,5.34002e+19,6.50841e+19
0.000936,5.32002e+19,6.49342e+19
0.00094,5.30002e+19,6.47843e+19
0.000944,5.28002e+19,6.46345e+19
0.000948,5.26002e+19,6.44846e+19
0.000952,5.24002e+19,6.43348e+19
0.000956,5.22002e+19,6.41849e+19
0.00096,5.20002e+19,6.40351e+19
0.000964,5.18002e+19,6.38852e+19
0.000968,5.16002e+19,6.37354e+19
0.000972,5.14002e+19,6.35855e+19
0.000976,5.12002e+19,6.34357e+19
0.00098,5.10002e+19,6.32858e+19
0.000984,5.08002e+19,6.3136e+19
0.000988,5.06002e+19,6.29861e+19
0.000992,5.04002e+19,6.28362e+19
0.000996,5.02002e+19,6.26864e+19
0.001,5.00002e+19,6.25365e+19
0.001004,4.98002e+19,6.23867e+19
0.001008,4.96002e+19,6.22368e+19
0.001012,4.94002e+19,6.2087e+19
0.001016,4.92002e+19,6.19371e+19
0.00102,4.90002e+19,6.17873e+19
0.001024,4.88002e+19,6.16374e+19
0.001028,4.86002e+19,6.14876e+19
0.001032,4.84002e+19,6.13377e+19
0.001036,4.82002e+19,6.11879e+19
0.00104,4.80002e+19,6.1038e+19
0.001044,4.78002e+19,6.08881e+19
0.001048,4.76002e+19,6.07383e+19
0.001052,4.74002e+19,6.05884e+19
0.001056,4.72002e+19,6.04386e+19
0.00106,4.70002e+19,6.02887e+19
0.001064,4.68002e+19,6.01389e+19
0.001068,4.66002e+19,5.9989e+19
0.001072,4.64002e+19,5.98392e+19
0.001076,4.62002e+19,5.96893e+19
0.00108,4.60002e+19,5.95395e+19
0.001084,4.58002e+19,5.93896e+19
0.001088,4.56002e+19,5.92398e+19
0.001092,4.54002e+19,5.90899e+19
0.001096,4.52002e+19,5.894e+19
0.0011,4.50002e+19,5.87902e+19
0.001104,4.48002e+19,5.86403e+19
0.001108,4.46002e+19,5.84905e+19
0.001112,4.44002e+19,5.83406e+19
0.001116,4.42002e+19,5.81908e+19
0.00112,4.40002e+19,5.80409e+19
0.001124,4.38002e+19,5.78911e+19
0.001128,4.36002e+19,5.77412e+19
0.001132,4.34002e+19,5.75914e+19
0.001136,4.32002e+19,5.74415e+19
0.00114,4.30002e+19,5.72917e+19
0.001144,4.28002e+19,5.71418e+19
0.001148,4.26002e+19,5.69919e+19
0.001152,4.24002e+19,5.68421e+19
0.001156,4.22002e+19,5.66922e+19
0.00116,4.20002e+19,5.65424e+19
0.001164,4.18002e+19,5.63925e+19
0.001168,4.16002e+19,5.62427e+19
0.001172,4.14002e+19,5.60928e+19
0.001176,4.12002e+19,5.5943e+19
0.00118,4.10002e+19,5.57931e+19
0.001184,4.08002e+19,5.56433e+19
0.001188,4.06002e+19,5.54934e+19
0.001192,4.04002e+19,5.53436e+19
0.001196,4.02002e+19,5.51937e+19
0.0012,4.00002e+19,5.50439e+19
0.001204,3.98002e+19,5.4894e+19
0.001208,3.96002e+19,5.47441e+19
0.001212,3.94002e+19,5.45943e+19
0.001216,3.92002e+19,5.44444e+19
0.00122,3.90002e+19,5.42946e+19
0.001224,3.88002e+19,5.41447e+19
0.001228,3.86002e+19,5.39949e+19
0.001232,3.84002e+19,5.3845e+19
0.001236,3.82002e+19,5.36952e+19
0.00124,3.80002e+19,5.35453e+19
0.001244,3.78002e+19,5.33955e+19
0.001248,3.76002e+19,5.32456e+19
0.001252,3.74002e+19,5.30957e+19
0.001256,3.72002e+19,5.29459e+19
0.00126,3.70002e+19,5.2796e+19
0.001264,3.68002e+19,5.26462e+19
0.001268,3.66002e+19,5.24963e+19
0.001272,3.64002e+19,5.23465e+19
0.001276,3.62002e+19,5.21966e+19
0.00128,3.60002e+19,5.20468e+19
0.001284,3.58002e+19,5.18969e+19
0.001288,3.56002e+19,5.17471e+19
0.001292,3.54002e+19,5.15972e+19
0.001296,3.52002e+19,5.14474e+19
0.0013,3.50002e+19,5.12975e+19
0.001304,3.48002e+19,5.11477e+19
0.001308,3.46002e+19,5.09978e+19
0.001312,3.44002e+19,5.08479e+19
0.001316,3.42003e+19,5.06981e+19
0.00132,3.40003e+19,5.05482e+19
0.001324,3.38002e+19,5.03984e+19
0.001328,3.36002e+19,5.02485e+19
0.001332,3.34003e+19,5.00987e+19
0.001336,3.32003e+19,4.99488e+19
0.00134,3.30002e+19,4.9799e+19
0.001344,3.28003e+19,4.96491e+19
0.001348,3.26003e+19,4.94993e+19
0.001352,3.24003e+19,4.93494e+19
0.001356,3.22003e+19,4.91995e+19
0.00136,3.20003e+19,4.90497e+19
0.001364,3.18003e+19,4.88998e+19
0.001368,3.16003e+19,4.875e+19
0.001372,3.14003e+19,4.86001e+19
0.001376,3.12003e+19,4.84503e+19
0.00138,3.10003e+19,4.83004e+19
0.001384,3.08003e+19,4.81506e+19
0.001388,3.06003e+19,4.80007e+19
0.001392,3.04003e+19,4.78509e+19
0.001396,3.02003e+19,4.7701e+19
0.0014,3.00003e+19,4.75512e+19
0.001404,2.98003e+19,4.74013e+19
0.001408,2.96003e+19,4.72515e+19
0.001412,2.94003e+19,4.71016e+19
0.001416,2.92003e+19,4.69517e+19
0.00142,2.90003e+19,4.68019e+19
0.001424,2.88003e+19,4.6652e+19
0.001428,2.86003e+19,4.65022e+19
0.001432,2.84003e+19,4.63523e+19
0.001436,2.82003e+19,4.62025e+19
0.00144,2.80003e+19,4.60526e+19
0.001444,2.78003e+19,4.59028e+19
0.001448,2.76003e+19,4.57529e+19
0.001452,2.74003e+19,4.56031e+19
0.001456,2.72003e+19,4.54532e+19
0.00146,2.70003e+19,4.53034e+19
0.001464,2.68003e+19,4.51535e+19
0.001468,2.66003e+19,4.50036e+19
0.001472,2.64003e+19,4.48538e+19
0.001476,2.62003e+19,4.47039e+19
0.00148,2.60003e+19,4.45541e+19
0.001484,2.58003e+19,4.44042e+19
0.001488,2.56003e+19,4.42544e+19
0.001492,2.54003e+19,4.41045e+19
0.001496,2.52003e+19,4.39547e+19
0.0015,2.50003e+19,4.38048e+19
0.001504,2.48003e+19,4.3655e+19
0.001508,2.46003e+19,4.35051e+19
0.001512,2.44003e+19,4.33553e+19
0.001516,2.42003e+19,4.32054e+19
0.00152,2.40003e+19,4.30555e+19
0.001524,2.38003e+19,4.29057e+19
0.001528,2.36003e+19,4.27558e+19
0.001532,2.34003e+19,4.2606e+19
0.001536,2.32003e+19,4.24561e+19
0.00154,2.30003e+19,4.23063e+19
0.001544,2.28003e+19,4.21564e+19
0.001548,2.26003e+19,4.20066e+19
0.001552,2.24003e+19,4.18567e+19
0.001556,2.22003e+19,4.17069e+19
0.00156,2.20003e+19,4.1557e+19
0.001564,2.18003e+19,4.14072e+19
0.001568,2.16003e+19,4.12573e+19
0.001572,2.14003e+19,4.11074e+19
0.001576,2.12003e+19,4.09576e+19
0.00158,2.10003e+19,4.08077e+19
0.001584,2.08003e+19,4.06579e+19
0.001588,2.06003e+19,4.0508e+19
0.001592,2.04003e+19,4.03582e+19
0.001596,2.02003e+19,4.02083e+19
0.0016,2.00003e+19,4.00585e+19
0.001604,1.98003e+19,3.99086e+19
0.001608,1.96003e+19,3.97588e+19
0.001612,1.94003e+19,3.96089e+19
0.001616,1.92003e+19,3.94591e+19
0.00162,1.90003e+19,3.93092e+19
0.001624,1.88003e+19,3.91593e+19
0.001628,1.86003e+19,3.90095e+19
0.001632,1.84003e+19,3.88596e+19
0.001636,1.82003e+19,3.87098e+19
0.00164,1.80003e+19,3.85599e+19
0.001644,1.78003e+19,3.84101e+19
0.001648,1.76003e+19,3.82602e+19
0.001652,1.74003e+19,3.81104e+19
0.001656,1.72003e+19,3.79605e+19
0.00166,1.70003e+19,3.78107e+19
0.001664,1.68003e+19,3.76608e+19
0.001668,1.66003e+19,3.7511e+19
0.001672,1.64003e+19,3.73611e+19
0.001676,1.62003e+19,3.72112e+19
0.00168,1.60003e+19,3.70614e+19
0.001684,1.58003e+19,3.69115e+19
0.001688,1.56003e+19,3.67617e+19
0.001692,1.54003e+19,3.66118e+19
0.001696,1.52003e+19,3.6462e+19
0.0017,1.50003e+19,3.63121e+19
0.001704,1.48003e+19,3.61623e+19
0.001708,1.46003e+19,3.60124e+19
0.001712,1.44003e+19,3.58626e+19
0.001716,1.42003e+19,3.57127e+19
0.00172,1.40003e+19,3.55629e+19
0.001724,1.38003e+19,3.5413e+19
0.001728,1.36003e+19,3.52631e+19
0.001732,1.34003e+19,3.51133e+19
0.001736,1.32003e+19,3.49634e+19
0.00174,1.30003e+19,3.48136e+19
0.001744,1.28003e+19,3.46637e+19
0.001748,1.26003e+19,3.45139e+19
0.001752,1.24003e+19,3.4364e+19
0.001756,1.22003e+19,3.42142e+19
0.00176,1.20003e+19,3.40643e+19
0.001764,1.18003e+19,3.39145e+19
0.001768,1.16003e+19,3.37646e+19
0.001772,1.14003e+19,3.36148e+19
0.001776,1.12003e+19,3.34649e+19
0.00178,1.10003e+19,3.33151e+19
0.001784,1.08003e+19,3.31652e+19
0.001788,1.06003e+19,3.30153e+19
0.001792,1.04003e+19,3.28655e+19
0.001796,1.02003e+19,3.27156e+19
0.0018,1.00003e+19,3.25658e+19
0.001804,9.80034e+18,3.24159e+19
0.001808,9.60035e+18,3.22661e+19
0.001812,9.40034e+18,3.21162e+19
0.001816,9.20034e+18,3.19664e+19
0.00182,9.00034e+18,3.18165e+19
0.001824,8.80035e+18,3.16667e+19
0.001828,8.60034e+18,3.15168e+19
0.001832,8.40034e+18,3.13669e+19
0.001836,8.20034e+18,3.12171e+19
0.00184,8.00035e+18,3.10672e+19
0.001844,7.80035e+18,3.09174e+19
0.001848,7.60035e+18,3.07675e+19
0.001852,7.40035e+18,3.06177e+19
0.001856,7.20035e+18,3.04678e+19
0.00186,7.00035e+18,3.0318e+19
0.001864,6.80035e+18,3.01681e+19
0.001868,6.60035e+18,3.00183e+19
0.001872,6.40036e+18,2.98684e+19
0.001876,6.20035e+18,2.97186e+19
0.00188,6.00035e+18,2.95687e+19
0.001884,5.80035e+18,2.94188e+19
0.001888,5.60036e+18,2.9269e+19
0.001892,5.40036e+18,2.91191e+19
0.001896,5.20036e+18,2.89693e+19
0.0019,5.00036e+18,2.88194e+19
0.001904,4.80036e+18,2.86696e+19
0.001908,4.60036e+18,2.85197e+19
0.001912,4.40036e+18,2.83699e+19
0.001916,4.20037e+18,2.822e+19
0.00192,4.00036e+18,2.80702e+19
0.001924,3.80036e+18,2.79203e+19
0.001928,3.60036e+18,2.77705e+19
0.001932,3.40037e+18,2.76206e+19
0.001936,3.20036e+18,2.74708e+19
0.00194,3.00036e+18,2.73209e+19
0.001944,2.80037e+18,2.7171e+19
0.001948,2.60037e+18,2.70212e+19
0.001952,2.40037e+18,2.68713e+19
0.001956,2.20037e+18,2.67215e+19
0.00196,2.00037e+18,2.65716e+19
0.001964,1.80038e+18,2.64218e+19
0.001968,1.60038e+18,2.62719e+19
0.001972,1.40038e+18,2.61221e+19
0.001976,1.20037e+18,2.59722e+19
0.00198,1.00037e+18,2.58224e+19
0.001984,8.00367e+17,2.56725e+19
0.001988,6.0038e+17,2.55227e+19
0.001992,4.0038e+17,2.53728e+19
0.001996,2.00381e+17,2.52229e+19
0.002,3.34633e+19,2.50731e+19
0.002004,3.33964e+19,2.50229e+19
0.002008,3.33294e+19,2.49728e+19
0.002012,3.32625e+19,2.49227e+19
0.002016,3.31956e+19,2.48725e+19
0.00202,3.31287e+19,2.48224e+19
0.002024,3.30617e+19,2.47722e+19
0.002028,3.29948e+19,2.47221e+19
0.002032,3.29279e+19,2.46719e+19
0.002036,3.28609e+19,2.46218e+19
0.00204,3.2794e+19,2.45716e+19
0.002044,3.27271e+19,2.45215e+19
0.002048,3.26602e+19,2.44713e+19
0.002052,3.25932e+19,2.44212e+19
0.002056,3.25263e+19,2.4371e+19
0.00206,3.24594e+19,2.43209e+19
0.002064,3.23925e+19,2.42708e+19
0.002068,3.23255e+19,2.42206e+19
0.002072,3.22586e+19,2.41705e+19
0.002076,3.21917e+19,2.41203e+19
0.00208,3.21248e+19,2.40702e+19
0.002084,3.20578e+19,2.402e+19
0.002088,3.19909e+19,2.39699e+19
0.002092,3.1924e+19,2.39197e+19
0.002096,3.1857e+19,2.38696e+19
0.0021,3.17901e+19,2.38194e+19
0.002104,3.17232e+19,2.37693e+19
0.002108,3.16563e+19,2.37191e+19
0.002112,3.15893e+19,2.3669e+19
0.002116,3.15224e+19,2.36189e+19
0.00212,3.14555e+19,2.35687e+19
0.002124,3.13886e+19,2.35186e+19
0.002128,3.13216e+19,2.34684e+19
0.002132,3.12547e+19,2.34183e+19
0.002136,3.11878e+19,2.33681e+19
0.00214,3.11209e+19,2.3318e+19
0.002144,3.10539e+19,2.32678e+19
0.002148,3.0987e+19,2.32177e+19
0.002152,3.09201e+19,2.31675e+19
0.002156,3.08531e+19,2.31174e+19
0.00216,3.07862e+19,2.30672e+19
0.002164,3.07193e+19,2.30171e+19
0.002168,3.06524e+19,2.2967e+19
0.002172,3.05854e+19,2.29168e+19
0.002176,3.05185e+19,2.28667e+19
0.00218,3.04516e+19,2.28165e+19
0.002184,3.03847e+19,2.27664e+19
0.002188,3.03177e+19,2.27162e+19
0.002192,3.02508e+19,2.26661e+19
0.002196,3.01839e+19,2.26159e+19
0.0022,3.0117e+19,2.25658e+19
0.002204,3.005e+19,2.25156e+19
0.002208,2.99831e+19,2.24655e+19
0.002212,2.99162e+19,2.24153e+19
0.002216,2.98492e+19,2.23652e+19
0.00222,2.97823e+19,2.23151e+19
0.002224,2.97154e+19,2.22649e+19
0.002228,2.96485e+19,2.22148e+19
0.002232,2.95815e+19,2.21646e+19
0.002236,2.95146e+19,2.21145e+19
0.00224,2.94477e+19,2.20643e+19
0.002244,2.93808e+19,2.20142e+19
0.002248,2.93138e+19,2.1964e+19
0.002252,2.92469e+19,2.19139e+19
0.002256,2.918e+19,2.18637e+19
0.00226,2.91131e+19,2.18136e+19
0.002264,2.90461e+19,2.17634e+19
0.002268,2.89792e+19,2.17133e+19
0.002272,2.89123e+19,2.16632e+19
0.002276,2.88454e+19,2.1613e+19
0.00228,2.87784e+19,2.15629e+19
0.002284,2.87115e+19,2.15127e+19
0.002288,2.86446e+19,2.14626e+19
0.002292,2.85776e+19,2.14124e+19
0.002296,2.85107e+19,2.13623e+19
0.0023,2.84438e+19,2.13121e+19
0.002304,2.83769e+19,2.1262e+19
0.002308,2.83099e+19,2.12118e+19
0.002312,2.8243e+19,2.11617e+19
0.002316,2.81761e+19,2.11115e+19
0.00232,2.81092e+19,2.10614e+19
0.002324,2.80422e+19,2.10113e+19
0.002328,2.79753e+19,2.09611e+19
0.002332,2.79084e+19,2.0911e+19
0.002336,2.78415e+19,2.08608e+19
0.00234,2.77745e+19,2.08107e+19
0.002344,2.77076e+19,2.07605e+19
0.002348,2.76407e+19,2.07104e+19
0.002352,2.75737e+19,2.06602e+19
0.002356,2.75068e+19,2.06101e+19
0.00236,2.74399e+19,2.05599e+19
0.002364,2.7373e+19,2.05098e+19
0.002368,2.7306e+19,2.04596e+19
0.002372,2.72391e+19,2.04095e+19
0.002376,2.71722e+19,2.03593e+19
0.00238,2.71053e+19,2.03092e+19
0.002384,2.70383e+19,2.02591e+19
0.002388,2.69714e+19,2.02089e+19
0.002392,2.69045e+19,2.01588e+19
0.002396,2.68376e+19,2.01086e+19
0.0024,2.67706e+19,2.00585e+19
0.002404,2.67037e+19,2.00083e+19
0.002408,2.66368e+19,1.99582e+19
0.002412,2.65698e+19,1.9908e+19
0.002416,2.65029e+19,1.98579e+19
0.00242,2.6436e+19,1.98077e+19
0.002424,2.63691e+19,1.97576e+19
0.002428,2.63021e+19,1.97075e+19
0.002432,2.62352e+19,1.96573e+19
0.002436,2.61683e+19,1.96072e+19
0.00244,2.61014e+19,1.9557e+19
0.002444,2.60344e+19,1.95069e+19
0.002448,2.59675e+19,1.94567e+19
0.002452,2.59006e+19,1.94066e+19
0.002456,2.58337e+19,1.93564e+19
0.00246,2.57667e+19,1.93063e+19
0.002464,2.56998e+19,1.92561e+19
0.002468,2.56329e+19,1.9206e+19
0.002472,2.55659e+19,1.91558e+19
0.002476,2.5499e+19,1.91057e+19
0.00248,2.54321e+19,1.90556e+19
0.002484,2.53652e+19,1.90054e+19
0.002488,2.52982e+19,1.89553e+19
0.002492,2.52313e+19,1.89051e+19
0.002496,2.51644e+19,1.8855e+19
0.0025,2.50975e+19,1.88048e+19
0.002504,2.50305e+19,1.87547e+19
0.002508,2.49636e+19,1.87045e+19
0.002512,2.48967e+19,1.86544e+19
0.002516,2.48298e+19,1.86042e+19
0.00252,2.47628e+19,1.85541e+19
0.002524,2.46959e+19,1.85039e+19
0.002528,2.4629e+19,1.84538e+19
0.002532,2.4562e+19,1.84036e+19
0.002536,2.44951e+19,1.83535e+19
0.00254,2.44282e+19,1.83034e+19
0.002544,2.43613e+19,1.82532e+19
0.002548,2.42943e+19,1.82031e+19
0.002552,2.42274e+19,1.81529e+19
0.002556,2.41605e+19,1.81028e+19
0.00256,2.40936e+19,1.80526e+19
0.002564,2.40266e+19,1.80025e+19
0.002568,2.39597e+19,1.79523e+19
0.002572,2.38928e+19,1.79022e+19
0.002576,2.38259e+19,1.7852e+19
0.00258,2.37589e+19,1.78019e+19
0.002584,2.3692e+19,1.77517e+19
0.002588,2.36251e+19,1.77016e+19
0.002592,2.35581e+19,1.76515e+19
0.002596,2.34912e+19,1.76013e+19
0.0026,2.34243e+19,1.75512e+19
0.002604,2.33574e+19,1.7501e+19
0.002608,2.32904e+19,1.74509e+19
0.002612,2.32235e+19,1.74007e+19
0.002616,2.31566e+19,1.73506e+19
0.00262,2.30897e+19,1.73004e+19
0.002624,2.30227e+19,1.72503e+19
0.002628,2.29558e+19,1.72001e+19
0.002632,2.28889e+19,1.715e+19
0.002636,2.2822e+19,1.70998e+19
0.00264,2.2755e+19,1.70497e+19
0.002644,2.26881e+19,1.69996e+19
0.002648,2.26212e+19,1.69494e+19
0.002652,2.25542e+19,1.68993e+19
0.002656,2.24873e+19,1.68491e+19
0.00266,2.24204e+19,1.6799e+19
0.002664,2.23535e+19,1.67488e+19
0.002668,2.22865e+19,1.66987e+19
0.002672,2.22196e+19,1.66485e+19
0.002676,2.21527e+19,1.65984e+19
0.00268,2.20858e+19,1.65482e+19
0.002684,2.20188e+19,1.64981e+19
0.002688,2.19519e+19,1.64479e+19
0.002692,2.1885e+19,1.63978e+19
0.002696,2.18181e+19,1.63477e+19
0.0027,2.17511e+19,1.62975e+19
0.002704,2.16842e+19,1.62474e+19
0.002708,2.16173e+19,1.61972e+19
0.002712,2.15503e+19,1.61471e+19
0.002716,2.14834e+19,1.60969e+19
0.00272,2.14165e+19,1.60468e+19
0.002724,2.13496e+19,1.59966e+19
0.002728,2.12826e+19,1.59465e+19
0.002732,2.12157e+19,1.58963e+19
0.002736,2.11488e+19,1.58462e+19
0.00274,2.10819e+19,1.5796e+19
0.002744,2.10149e+19,1.57459e+19
0.002748,2.0948e+19,1.56958e+19
0.002752,2.08811e+19,1.56456e+19
0.002756,2.08142e+19,1.55955e+19
0.00276,2.07472e+19,1.55453e+19
0.002764,2.06803e+19,1.54952e+19
0.002768,2.06134e+19,1.5445e+19
0.002772,2.05465e+19,1.53949e+19
0.002776,2.04795e+19,1.53447e+19
0.00278,2.04126e+19,1.52946e+19
0.002784,2.03457e+19,1.52444e+19
0.002788,2.02787e+19,1.51943e+19
0.002792,2.02118e+19,1.51441e+19
0.002796,2.01449e+19,1.5094e+19
0.0028,2.0078e+19,1.50439e+19
0.002804,2.0011e+19,1.49937e+19
0.002808,1.99441e+19,1.49436e+19
0.002812,1.98772e+19,1.48934e+19
0.002816,1.98103e+19,1.48433e+19
0.00282,1.97433e+19,1.47931e+19
0.002824,1.96764e+19,1.4743e+19
0.002828,1.96095e+19,1.46928e+19
0.002832,1.95426e+19,1.46427e+19
0.002836,1.94756e+19,1.45925e+19
0.00284,1.94087e+19,1.45424e+19
0.002844,1.93418e+19,1.44922e+19
0.002848,1.92749e+19,1.44421e+19
0.002852,1.92079e+19,1.4392e+19
0.002856,1.9141e+19,1.43418e+19
0.00286,1.90741e+19,1.42917e+19
0.002864,1.90071e+19,1.42415e+19
0.002868,1.89402e+19,1.41914e+19
0.002872,1.88733e+19,1.41412e+19
0.002876,1.88064e+19,1.40911e+19
0.00288,1.87394e+19,1.40409e+19
0.002884,1.86725e+19,1.39908e+19
0.002888,1.86056e+19,1.39406e+19
0.002892,1.85387e+19,1.38905e+19
0.002896,1.84717e+19,1.38403e+19
0.0029,1.84048e+19,1.37902e+19
0.002904,1.83379e+19,1.37401e+19
0.002908,1.8271e+19,1.36899e+19
0.002912,1.8204e+19,1.36398e+19
0.002916,1.81371e+19,1.35896e+19
0.00292,1.80702e+19,1.35395e+19
0.002924,1.80032e+19,1.34893e+19
0.002928,1.79363e+19,1.34392e+19
0.002932,1.78694e+19,1.3389e+19
0.002936,1.78025e+19,1.33389e+19
0.00294,1.77355e+19,1.32887e+19
0.002944,1.76686e+19,1.32386e+19
0.002948,1.76017e+19,1.31884e+19
0.002952,1.75348e+19,1.31383e+19
0.002956,1.74678e+19,1.30882e+19
0.00296,1.74009e+19,1.3038e+19
0.002964,1.7334e+19,1.29879e+19
0.002968,1.7267e+19,1.29377e+19
0.002972,1.72001e+19,1.28876e+19
0.002976,1.71332e+19,1.28374e+19
0.00298,1.70663e+19,1.27873e+19
0.002984,1.69993e+19,1.27371e+19
0.002988,1.69324e+19,1.2687e+19
0.002992,1.68655e+19,1.26368e+19
0.002996,1.67986e+19,1.25867e+19
0.003,1.67316e+19,1.25365e+19
0.003004,1.66647e+19,1.24864e+19
0.003008,1.65978e+19,1.24363e+19
0.003012,1.65309e+19,1.23861e+19
0.003016,1.64639e+19,1.2336e+19
0.00302,1.6397e+19,1.22858e+19
0.003024,1.63301e+19,1.22357e+19
0.003028,1.62632e+19,1.21855e+19
0.003032,1.61962e+19,1.21354e+19
0.003036,1.61293e+19,1.20852e+19
0.00304,1.60624e+19,1.20351e+19
0.003044,1.59954e+19,1.19849e+19
0.003048,1.59285e+19,1.19348e+19
0.003052,1.58616e+19,1.18846e+19
0.003056,1.57947e+19,1.18345e+19
0.00306,1.57277e+19,1.17844e+19
0.003064,1.56608e+19,1.17342e+19
0.003068,1.55939e+19,1.16841e+19
0.003072,1.5527e+19,1.16339e+19
0.003076,1.546e+19,1.15838e+19
0.00308,1.53931e+19,1.15336e+19
0.003084,1.53262e+19,1.14835e+19
0.003088,1.52593e+19,1.14333e+19
0.003092,1.51923e+19,1.13832e+19
0.003096,1.51254e+19,1.1333e+19
0.0031,1.50585e+19,1.12829e+19
0.003104,1.49915e+19,1.12327e+19
0.003108,1.49246e+19,1.11826e+19
0.003112,1.48577e+19,1.11324e+19
0.003116,1.47908e+19,1.10823e+19
0.00312,1.47238e+19,1.10322e+19
0.003124,1.46569e+19,1.0982e+19
0.003128,1.459e+19,1.09319e+19
0.003132,1.45231e+19,1.08817e+19
0.003136,1.44561e+19,1.08316e+19
0.00314,1.43892e+19,1.07814e+19
0.003144,1.43223e+19,1.07313e+19
0.003148,1.42554e+19,1.06811e+19
0.003152,1.41884e+19,1.0631e+19
0.003156,1.41215e+19,1.05808e+19
0.00316,1.40546e+19,1.05307e+19
0.003164,1.39877e+19,1.04806e+19
0.003168,1.39207e+19,1.04304e+19
0.003172,1.38538e+19,1.03803e+19
0.003176,1.37869e+19,1.03301e+19
0.00318,1.37199e+19,1.028e+19
0.003184,1.3653e+19,1.02298e+19
0.003188,1.35861e+19,1.01797e+19
0.003192,1.35192e+19,1.01295e+19
0.003196,1.34522e+19,1.00794e+19
0.0032,1.33853e+19,1.00292e+19
0.003204,1.33184e+19,9.97909e+18
0.003208,1.32515e+19,9.92894e+18
0.003212,1.31845e+19,9.87879e+18
0.003216,1.31176e+19,9.82865e+18
0.00322,1.30507e+19,9.77851e+18
0.003224,1.29838e+19,9.72836e+18
0.003228,1.29168e+19,9.67821e+18
0.003232,1.28499e+19,9.62806e+18
0.003236,1.2783e+19,9.57792e+18
0.00324,1.2716e+19,9.52777e+18
0.003244,1.26491e+19,9.47763e+18
0.003248,1.25822e+19,9.42748e+18
0.003252,1.25153e+19,9.37734e+18
0.003256,1.24483e+19,9.32719e+18
0.00326,1.23814e+19,9.27704e+18
0.003264,1.23145e+19,9.22689e+18
0.003268,1.22476e+19,9.17675e+18
0.003272,1.21806e+19,9.1266e+18
0.003276,1.21137e+19,9.07646e+18
0.00328,1.20468e+19,9.02631e+18
0.003284,1.19799e+19,8.97617e+18
0.003288,1.19129e+19,8.92602e+18
0.003292,1.1846e+19,8.87587e+18
0.003296,1.17791e+19,8.82573e+18
0.0033,1.17121e+19,8.77558e+18
0.003304,1.16452e+19,8.72543e+18
0.003308,1.15783e+19,8.67529e+18
0.003312,1.15114e+19,8.62514e+18
0.003316,1.14444e+19,8.575e+18
0.00332,1.13775e+19,8.52485e+18
0.003324,1.13106e+19,8.4747e+18
0.003328,1.12437e+19,8.42456e+18
0.003332,1.11767e+19,8.37441e+18
0.003336,1.11098e+19,8.32426e+18
0.00334,1.10429e+19,8.27412e+18
0.003344,1.0976e+19,8.22397e+18
0.003348,1.0909e+19,8.17383e+18
0.003352,1.08421e+19,8.12368e+18
0.003356,1.07752e+19,8.07353e+18
0.00336,1.07082e+19,8.02339e+18
0.003364,1.06413e+19,7.97324e+18
0.003368,1.05744e+19,7.92309e+18
0.003372,1.05075e+19,7.87295e+18
0.003376,1.04405e+19,7.8228e+18
0.00338,1.03736e+19,7.77266e+18
0.003384,1.03067e+19,7.72251e+18
0.003388,1.02398e+19,7.67236e+18
0.003392,1.01728e+19,7.62222e+18
0.003396,1.01059e+19,7.57207e+18
0.0034,1.0039e+19,7.52192e+18
0.003404,9.97206e+18,7.47178e+18
0.003408,9.90513e+18,7.42163e+18
0.003412,9.8382e+18,7.37149e+18
0.003416,9.77127e+18,7.32134e+18
0.00342,9.70435e+18,7.27119e+18
0.003424,9.63742e+18,7.22105e+18
0.003428,9.57049e+18,7.1709e+18
0.003432,9.50357e+18,7.12076e+18
0.003436,9.43664e+18,7.07061e+18
0.00344,9.36971e+18,7.02046e+18
0.003444,9.30279e+18,6.97032e+18
0.003448,9.23586e+18,6.92017e+18
0.003452,9.16893e+18,6.87002e+18
0.003456,9.10201e+18,6.81988e+18
0.00346,9.03508e+18,6.76973e+18
0.003464,8.96816e+18,6.71959e+18
0.003468,8.90123e+18,6.66944e+18
0.003472,8.8343e+18,6.61929e+18
0.003476,8.76738e+18,6.56915e+18
0.00348,8.70045e+18,6.519e+18
0.003484,8.63352e+18,6.46885e+18
0.003488,8.5666e+18,6.41871e+18
0.003492,8.49967e+18,6.36856e+18
0.003496,8.43275e+18,6.31842e+18
0.0035,8.36582e+18,6.26827e+18
0.003504,8.29889e+18,6.21812e+18
0.003508,8.23196e+18,6.16798e+18
0.003512,8.16504e+18,6.11783e+18
0.003516,8.09811e+18,6.06769e+18
0.00352,8.03118e+18,6.01754e+18
0.003524,7.96426e+18,5.9674e+18
0.003528,7.89733e+18,5.91725e+18
0.003532,7.8304e+18,5.8671e+18
0.003536,7.76348e+18,5.81695e+18
0.00354,7.69655e+18,5.76681e+18
0.003544,7.62962e+18,5.71666e+18
0.003548,7.5627e+18,5.66652e+18
0.003552,7.49577e+18,5.61637e+18
0.003556,7.42885e+18,5.56623e+18
0.00356,7.36192e+18,5.51608e+18
0.003564,7.29499e+18,5.46593e+18
0.003568,7.22806e+18,5.41578e+18
0.003572,7.16114e+18,5.36564e+18
0.003576,7.09421e+18,5.31549e+18
0.00358,7.02729e+18,5.26535e+18
0.003584,6.96036e+18,5.2152e+18
0.003588,6.89344e+18,5.16506e+18
0.003592,6.82651e+18,5.11491e+18
0.003596,6.75958e+18,5.06476e+18
0.0036,6.69265e+18,5.01462e+18
0.003604,6.62573e+18,4.96447e+18
0.003608,6.5588e+18,4.91432e+18
0.003612,6.49187e+18,4.86418e+18
0.003616,6.42495e+18,4.81403e+18
0.00362,6.35802e+18,4.76389e+18
0.003624,6.29109e+18,4.71374e+18
0.003628,6.22417e+18,4.66359e+18
0.003632,6.15724e+18,4.61345e+18
0.003636,6.09031e+18,4.5633e+18
0.00364,6.02339e+18,4.51315e+18
0.003644,5.95646e+18,4.46301e+18
0.003648,5.88954e+18,4.41286e+18
0.003652,5.82261e+18,4.36272e+18
0.003656,5.75568e+18,4.31257e+18
0.00366,5.68875e+18,4.26242e+18
0.003664,5.62183e+18,4.21228e+18
0.003668,5.5549e+18,4.16213e+18
0.003672,5.48797e+18,4.11198e+18
0.003676,5.42105e+18,4.06184e+18
0.00368,5.35412e+18,4.01169e+18
0.003684,5.2872e+18,3.96155e+18
0.003688,5.22027e+18,3.9114e+18
0.003692,5.15334e+18,3.86125e+18
0.003696,5.08641e+18,3.81111e+18
0.0037,5.01949e+18,3.76096e+18
0.003704,4.95256e+18,3.71081e+18
0.003708,4.88564e+18,3.66067e+18
0.003712,4.81871e+18,3.61053e+18
0.003716,4.75178e+18,3.56038e+18
0.00372,4.68486e+18,3.51023e+18
0.003724,4.61793e+18,3.46008e+18
0.003728,4.551e+18,3.40994e+18
0.003732,4.48408e+18,3.35979e+18
0.003736,4.41715e+18,3.30964e+18
0.00374,4.35023e+18,3.2595e+18
0.003744,4.2833e+18,3.20936e+18
0.003748,4.21637e+18,3.15921e+18
0.003752,4.14944e+18,3.10906e+18
0.003756,4.08252e+18,3.05891e+18
0.00376,4.01559e+18,3.00877e+18
0.003764,3.94866e+18,2.95862e+18
0.003768,3.88174e+18,2.90848e+18
0.003772,3.81481e+18,2.85833e+18
0.003776,3.74789e+18,2.80819e+18
0.00378,3.68096e+18,2.75804e+18
0.003784,3.61403e+18,2.70789e+18
0.003788,3.5471e+18,2.65774e+18
0.003792,3.48018e+18,2.6076e+18
0.003796,3.41325e+18,2.55745e+18
0.0038,3.34633e+18,2.50731e+18
0.003804,3.2794e+18,2.45716e+18
0.003808,3.21247e+18,2.40701e+18
0.003812,3.14554e+18,2.35687e+18
0.003816,3.07862e+18,2.30672e+18
0.00382,3.01169e+18,2.25658e+18
0.003824,2.94476e+18,2.20643e+18
0.003828,2.87784e+18,2.15628e+18
0.003832,2.81092e+18,2.10614e+18
0.003836,2.74399e+18,2.05599e+18
0.00384,2.67706e+18,2.00584e+18
0.003844,2.61013e+18,1.9557e+18
0.003848,2.54321e+18,1.90555e+18
0.003852,2.47628e+18,1.85541e+18
0.003856,2.40935e+18,1.80526e+18
0.00386,2.34243e+18,1.75511e+18
0.003864,2.2755e+18,1.70497e+18
0.003868,2.20858e+18,1.65482e+18
0.003872,2.14165e+18,1.60467e+18
0.003876,2.07472e+18,1.55453e+18
0.00388,2.00779e+18,1.50438e+18
0.003884,1.94087e+18,1.45424e+18
0.003888,1.87394e+18,1.40409e+18
0.003892,1.80701e+18,1.35394e+18
0.003896,1.74009e+18,1.3038e+18
0.0039,1.67316e+18,1.25365e+18
0.003904,1.60623e+18,1.20351e+18
0.003908,1.53931e+18,1.15336e+18
0.003912,1.47238e+18,1.10322e+18
0.003916,1.40546e+18,1.05307e+18
0.00392,1.33853e+18,1.00292e+18
0.003924,1.2716e+18,9.52777e+17
0.003928,1.20468e+18,9.02631e+17
0.003932,1.13775e+18,8.52485e+17
0.003936,1.07082e+18,8.02339e+17
0.00394,1.0039e+18,7.52193e+17
0.003944,9.36972e+17,7.02047e+17
0.003948,8.70038e+17,6.51895e+17
0.003952,8.03111e+17,6.01748e+17
0.003956,7.36184e+17,5.51602e+17
0.00396,6.69258e+17,5.01456e+17
0.003964,6.02331e+17,4.5131e+17
0.003968,5.35405e+17,4.01164e+17
0.003972,4.68486e+17,3.51023e+17
0.003976,4.01559e+17,3.00877e+17
0.00398,3.34633e+17,2.50731e+17
0.003984,2.67706e+17,2.00585e+17
0.003988,2.0078e+17,1.50439e+17
0.003992,1.33853e+17,1.00292e+17
0.003996,6.69266e+16,5.01462e+16
0.004,7.62939,0
